1,CA-2017-152156,2017-11-08,2017-11-11,Second Class,CG-12520,Claire Gute,Consumer,United States,Henderson,Kentucky,42420,South,FUR-BO-10001798,Furniture,Bookcases,Bush Somerset Collection Bookcase,261.959991455078
2,CA-2017-152156,2017-11-08,2017-11-11,Second Class,CG-12520,Claire Gute,Consumer,United States,Henderson,Kentucky,42420,South,FUR-CH-10000454,Furniture,Chairs,"Hon Deluxe Fabric Upholstered Stacking Chairs, Rounded Back",731.940002441406
3,CA-2017-138688,2017-06-12,2017-06-16,Second Class,DV-13045,Darrin Van Huff,Corporate,United States,Los Angeles,California,90036,West,OFF-LA-10000240,Office Supplies,Labels,Self-Adhesive Address Labels for Typewriters by Universal,14.6199998855591
4,US-2016-108966,2016-10-11,2016-10-18,Standard Class,SO-20335,Sean O'Donnell,Consumer,United States,Fort Lauderdale,Florida,33311,South,FUR-TA-10000577,Furniture,Tables,Bretford CR4500 Series Slim Rectangular Table,957.577514648438
5,US-2016-108966,2016-10-11,2016-10-18,Standard Class,SO-20335,Sean O'Donnell,Consumer,United States,Fort Lauderdale,Florida,33311,South,OFF-ST-10000760,Office Supplies,Storage,Eldon Fold 'N Roll Cart System,22.3680000305176
6,CA-2015-115812,2015-06-09,2015-06-14,Standard Class,BH-11710,Brosina Hoffman,Consumer,United States,Los Angeles,California,90032,West,FUR-FU-10001487,Furniture,Furnishings,"Eldon Expressions Wood and Plastic Desk Accessories, Cherry Wood",48.8600006103516
7,CA-2015-115812,2015-06-09,2015-06-14,Standard Class,BH-11710,Brosina Hoffman,Consumer,United States,Los Angeles,California,90032,West,OFF-AR-10002833,Office Supplies,Art,Newell 322,7.28000020980835
8,CA-2015-115812,2015-06-09,2015-06-14,Standard Class,BH-11710,Brosina Hoffman,Consumer,United States,Los Angeles,California,90032,West,TEC-PH-10002275,Technology,Phones,Mitel 5320 IP Phone VoIP phone,907.151977539063
9,CA-2015-115812,2015-06-09,2015-06-14,Standard Class,BH-11710,Brosina Hoffman,Consumer,United States,Los Angeles,California,90032,West,OFF-BI-10003910,Office Supplies,Binders,DXL Angle-View Binders with Locking Rings by Samsill,18.503999710083
10,CA-2015-115812,2015-06-09,2015-06-14,Standard Class,BH-11710,Brosina Hoffman,Consumer,United States,Los Angeles,California,90032,West,OFF-AP-10002892,Office Supplies,Appliances,Belkin F5C206VTEL 6 Outlet Surge,114.900001525879
11,CA-2015-115812,2015-06-09,2015-06-14,Standard Class,BH-11710,Brosina Hoffman,Consumer,United States,Los Angeles,California,90032,West,FUR-TA-10001539,Furniture,Tables,Chromcraft Rectangular Conference Tables,1706.18395996094
12,CA-2015-115812,2015-06-09,2015-06-14,Standard Class,BH-11710,Brosina Hoffman,Consumer,United States,Los Angeles,California,90032,West,TEC-PH-10002033,Technology,Phones,Konftel 250 Conference phone - Charcoal black,911.424011230469
13,CA-2018-114412,2018-04-15,2018-04-20,Standard Class,AA-10480,Andrew Allen,Consumer,United States,Concord,North Carolina,28027,South,OFF-PA-10002365,Office Supplies,Paper,Xerox 1967,15.5520000457764
14,CA-2017-161389,2017-12-05,2017-12-10,Standard Class,IM-15070,Irene Maddox,Consumer,United States,Seattle,Washington,98103,West,OFF-BI-10003656,Office Supplies,Binders,Fellowes PB200 Plastic Comb Binding Machine,407.976013183594
15,US-2016-118983,2016-11-22,2016-11-26,Standard Class,HP-14815,Harold Pawlan,Home Office,United States,Fort Worth,Texas,76106,Central,OFF-AP-10002311,Office Supplies,Appliances,"Holmes Replacement Filter for HEPA Air Cleaner, Very Large Room, HEPA Filter",68.8099975585938
16,US-2016-118983,2016-11-22,2016-11-26,Standard Class,HP-14815,Harold Pawlan,Home Office,United States,Fort Worth,Texas,76106,Central,OFF-BI-10000756,Office Supplies,Binders,Storex DuraTech Recycled Plastic Frosted Binders,2.54399991035461
17,CA-2015-105893,2015-11-11,2015-11-18,Standard Class,PK-19075,Pete Kriz,Consumer,United States,Madison,Wisconsin,53711,Central,OFF-ST-10004186,Office Supplies,Storage,"Stur-D-Stor Shelving, Vertical 5-Shelf: 72""H x 36""W x 18 1/2""D",665.880004882813
18,CA-2015-167164,2015-05-13,2015-05-15,Second Class,AG-10270,Alejandro Grove,Consumer,United States,West Jordan,Utah,84084,West,OFF-ST-10000107,Office Supplies,Storage,Fellowes Super Stor/Drawer,55.5
19,CA-2015-143336,2015-08-27,2015-09-01,Second Class,ZD-21925,Zuschuss Donatelli,Consumer,United States,San Francisco,California,94109,West,OFF-AR-10003056,Office Supplies,Art,Newell 341,8.5600004196167
20,CA-2015-143336,2015-08-27,2015-09-01,Second Class,ZD-21925,Zuschuss Donatelli,Consumer,United States,San Francisco,California,94109,West,TEC-PH-10001949,Technology,Phones,Cisco SPA 501G IP Phone,213.479995727539
21,CA-2015-143336,2015-08-27,2015-09-01,Second Class,ZD-21925,Zuschuss Donatelli,Consumer,United States,San Francisco,California,94109,West,OFF-BI-10002215,Office Supplies,Binders,"Wilson Jones Hanging View Binder, White, 1""",22.7199993133545
22,CA-2017-137330,2017-12-09,2017-12-13,Standard Class,KB-16585,Ken Black,Corporate,United States,Fremont,Nebraska,68025,Central,OFF-AR-10000246,Office Supplies,Art,Newell 318,19.4599990844727
23,CA-2017-137330,2017-12-09,2017-12-13,Standard Class,KB-16585,Ken Black,Corporate,United States,Fremont,Nebraska,68025,Central,OFF-AP-10001492,Office Supplies,Appliances,"Acco Six-Outlet Power Strip, 4' Cord Length",60.3400001525879
24,US-2018-156909,2018-07-16,2018-07-18,Second Class,SF-20065,Sandra Flanagan,Consumer,United States,Philadelphia,Pennsylvania,19140,East,FUR-CH-10002774,Furniture,Chairs,"Global Deluxe Stacking Chair, Gray",71.3720016479492
25,CA-2016-106320,2016-09-25,2016-09-30,Standard Class,EB-13870,Emily Burns,Consumer,United States,Orem,Utah,84057,West,FUR-TA-10000577,Furniture,Tables,Bretford CR4500 Series Slim Rectangular Table,1044.63000488281
26,CA-2017-121755,2017-01-16,2017-01-20,Second Class,EH-13945,Eric Hoffmann,Consumer,United States,Los Angeles,California,90049,West,OFF-BI-10001634,Office Supplies,Binders,Wilson Jones Active Use Binders,11.6479997634888
27,CA-2017-121755,2017-01-16,2017-01-20,Second Class,EH-13945,Eric Hoffmann,Consumer,United States,Los Angeles,California,90049,West,TEC-AC-10003027,Technology,Accessories,Imation 8GB Mini TravelDrive USB 2.0 Flash Drive,90.5699996948242
28,US-2016-150630,2016-09-17,2016-09-21,Standard Class,TB-21520,Tracy Blumstein,Consumer,United States,Philadelphia,Pennsylvania,19140,East,FUR-BO-10004834,Furniture,Bookcases,"Riverside Palais Royal Lawyers Bookcase, Royale Cherry Finish",3083.42993164063
29,US-2016-150630,2016-09-17,2016-09-21,Standard Class,TB-21520,Tracy Blumstein,Consumer,United States,Philadelphia,Pennsylvania,19140,East,OFF-BI-10000474,Office Supplies,Binders,Avery Recycled Flexi-View Covers for Binding Systems,9.61800003051758
30,US-2016-150630,2016-09-17,2016-09-21,Standard Class,TB-21520,Tracy Blumstein,Consumer,United States,Philadelphia,Pennsylvania,19140,East,FUR-FU-10004848,Furniture,Furnishings,"Howard Miller 13-3/4"" Diameter Brushed Chrome Round Wall Clock",124.199996948242
31,US-2016-150630,2016-09-17,2016-09-21,Standard Class,TB-21520,Tracy Blumstein,Consumer,United States,Philadelphia,Pennsylvania,19140,East,OFF-EN-10001509,Office Supplies,Envelopes,Poly String Tie Envelopes,3.26399993896484
32,US-2016-150630,2016-09-17,2016-09-21,Standard Class,TB-21520,Tracy Blumstein,Consumer,United States,Philadelphia,Pennsylvania,19140,East,OFF-AR-10004042,Office Supplies,Art,"BOSTON Model 1800 Electric Pencil Sharpeners, Putty/Woodgrain",86.3040008544922
33,US-2016-150630,2016-09-17,2016-09-21,Standard Class,TB-21520,Tracy Blumstein,Consumer,United States,Philadelphia,Pennsylvania,19140,East,OFF-BI-10001525,Office Supplies,Binders,"Acco Pressboard Covers with Storage Hooks, 14 7/8"" x 11"", Executive Red",6.85799980163574
34,US-2016-150630,2016-09-17,2016-09-21,Standard Class,TB-21520,Tracy Blumstein,Consumer,United States,Philadelphia,Pennsylvania,19140,East,OFF-AR-10001683,Office Supplies,Art,Lumber Crayons,15.7600002288818
35,CA-2018-107727,2018-10-19,2018-10-23,Second Class,MA-17560,Matt Abelman,Home Office,United States,Houston,Texas,77095,Central,OFF-PA-10000249,Office Supplies,Paper,Easy-staple paper,29.4720001220703
36,CA-2017-117590,2017-12-08,2017-12-10,First Class,GH-14485,Gene Hale,Corporate,United States,Richardson,Texas,75080,Central,TEC-PH-10004977,Technology,Phones,GE 30524EE4,1097.5439453125
37,CA-2017-117590,2017-12-08,2017-12-10,First Class,GH-14485,Gene Hale,Corporate,United States,Richardson,Texas,75080,Central,FUR-FU-10003664,Furniture,Furnishings,"Electrix Architect's Clamp-On Swing Arm Lamp, Black",190.919998168945
38,CA-2016-117415,2016-12-27,2016-12-31,Standard Class,SN-20710,Steve Nguyen,Home Office,United States,Houston,Texas,77041,Central,OFF-EN-10002986,Office Supplies,Envelopes,"#10-4 1/8"" x 9 1/2"" Premium Diagonal Seam Envelopes",113.328002929688
39,CA-2016-117415,2016-12-27,2016-12-31,Standard Class,SN-20710,Steve Nguyen,Home Office,United States,Houston,Texas,77041,Central,FUR-BO-10002545,Furniture,Bookcases,"Atlantic Metals Mobile 3-Shelf Bookcases, Custom Colors",532.399169921875
40,CA-2016-117415,2016-12-27,2016-12-31,Standard Class,SN-20710,Steve Nguyen,Home Office,United States,Houston,Texas,77041,Central,FUR-CH-10004218,Furniture,Chairs,"Global Fabric Manager's Chair, Dark Gray",212.057998657227
41,CA-2016-117415,2016-12-27,2016-12-31,Standard Class,SN-20710,Steve Nguyen,Home Office,United States,Houston,Texas,77041,Central,TEC-PH-10000486,Technology,Phones,Plantronics HL10 Handset Lifter,371.167999267578
42,CA-2018-120999,2018-09-10,2018-09-15,Standard Class,LC-16930,Linda Cazamias,Corporate,United States,Naperville,Illinois,60540,Central,TEC-PH-10004093,Technology,Phones,Panasonic Kx-TS550,147.167999267578
43,CA-2017-101343,2017-07-17,2017-07-22,Standard Class,RA-19885,Ruben Ausman,Corporate,United States,Los Angeles,California,90049,West,OFF-ST-10003479,Office Supplies,Storage,"Eldon Base for stackable storage shelf, platinum",77.879997253418
44,CA-2018-139619,2018-09-19,2018-09-23,Standard Class,ES-14080,Erin Smith,Corporate,United States,Melbourne,Florida,32935,South,OFF-ST-10003282,Office Supplies,Storage,"Advantus 10-Drawer Portable Organizer, Chrome Metal Frame, Smoke Drawers",95.6159973144531
45,CA-2017-118255,2017-03-11,2017-03-13,First Class,ON-18715,Odella Nelson,Corporate,United States,Eagan,Minnesota,55122,Central,TEC-AC-10000171,Technology,Accessories,"Verbatim 25 GB 6x Blu-ray Single Layer Recordable Disc, 25/Pack",45.9799995422363
46,CA-2017-118255,2017-03-11,2017-03-13,First Class,ON-18715,Odella Nelson,Corporate,United States,Eagan,Minnesota,55122,Central,OFF-BI-10003291,Office Supplies,Binders,Wilson Jones Leather-Like Binders with DublLock Round Rings,17.4599990844727
47,CA-2015-146703,2015-10-20,2015-10-25,Second Class,PO-18865,Patrick O'Donnell,Consumer,United States,Westland,Michigan,48185,Central,OFF-ST-10001713,Office Supplies,Storage,"Gould Plastics 9-Pocket Panel Bin, 18-3/8w x 5-1/4d x 20-1/2h, Black",211.960006713867
48,CA-2017-169194,2017-06-20,2017-06-25,Standard Class,LH-16900,Lena Hernandez,Consumer,United States,Dover,Delaware,19901,East,TEC-AC-10002167,Technology,Accessories,Imation 8gb Micro Traveldrive Usb 2.0 Flash Drive,45
49,CA-2017-169194,2017-06-20,2017-06-25,Standard Class,LH-16900,Lena Hernandez,Consumer,United States,Dover,Delaware,19901,East,TEC-PH-10003988,Technology,Phones,"LF Elite 3D Dazzle Designer Hard Case Cover, Lf Stylus Pen and Wiper For Apple Iphone 5c Mini Lite",21.7999992370605
50,CA-2016-115742,2016-04-18,2016-04-22,Standard Class,DP-13000,Darren Powers,Consumer,United States,New Albany,Indiana,47150,Central,OFF-BI-10004410,Office Supplies,Binders,"C-Line Peel & Stick Add-On Filing Pockets, 8-3/4 x 5-1/8, 10/Pack",38.2200012207031
51,CA-2016-115742,2016-04-18,2016-04-22,Standard Class,DP-13000,Darren Powers,Consumer,United States,New Albany,Indiana,47150,Central,OFF-LA-10002762,Office Supplies,Labels,Avery 485,75.1800003051758
52,CA-2016-115742,2016-04-18,2016-04-22,Standard Class,DP-13000,Darren Powers,Consumer,United States,New Albany,Indiana,47150,Central,FUR-FU-10001706,Furniture,Furnishings,Longer-Life Soft White Bulbs,6.15999984741211
53,CA-2016-115742,2016-04-18,2016-04-22,Standard Class,DP-13000,Darren Powers,Consumer,United States,New Albany,Indiana,47150,Central,FUR-CH-10003061,Furniture,Chairs,"Global Leather Task Chair, Black",89.9899978637695
54,CA-2017-105816,2017-12-11,2017-12-17,Standard Class,JM-15265,Janet Molinari,Corporate,United States,New York City,New York,10024,East,OFF-FA-10000304,Office Supplies,Fasteners,Advantus Push Pins,15.2600002288818
55,CA-2017-105816,2017-12-11,2017-12-17,Standard Class,JM-15265,Janet Molinari,Corporate,United States,New York City,New York,10024,East,TEC-PH-10002447,Technology,Phones,AT&T CL83451 4-Handset Telephone,1029.94995117188
56,CA-2017-111682,2017-06-17,2017-06-18,First Class,TB-21055,Ted Butterfield,Consumer,United States,Troy,New York,12180,East,OFF-ST-10000604,Office Supplies,Storage,Home/Office Personal File Carts,208.559997558594
57,CA-2017-111682,2017-06-17,2017-06-18,First Class,TB-21055,Ted Butterfield,Consumer,United States,Troy,New York,12180,East,OFF-PA-10001569,Office Supplies,Paper,Xerox 232,32.4000015258789
58,CA-2017-111682,2017-06-17,2017-06-18,First Class,TB-21055,Ted Butterfield,Consumer,United States,Troy,New York,12180,East,FUR-CH-10003968,Furniture,Chairs,Novimex Turbo Task Chair,319.410003662109
59,CA-2017-111682,2017-06-17,2017-06-18,First Class,TB-21055,Ted Butterfield,Consumer,United States,Troy,New York,12180,East,OFF-PA-10000587,Office Supplies,Paper,"Array Parchment Paper, Assorted Colors",14.5600004196167
60,CA-2017-111682,2017-06-17,2017-06-18,First Class,TB-21055,Ted Butterfield,Consumer,United States,Troy,New York,12180,East,TEC-AC-10002167,Technology,Accessories,Imation 8gb Micro Traveldrive Usb 2.0 Flash Drive,30
61,CA-2017-111682,2017-06-17,2017-06-18,First Class,TB-21055,Ted Butterfield,Consumer,United States,Troy,New York,12180,East,OFF-BI-10001460,Office Supplies,Binders,Plastic Binding Combs,48.4799995422363
62,CA-2017-111682,2017-06-17,2017-06-18,First Class,TB-21055,Ted Butterfield,Consumer,United States,Troy,New York,12180,East,OFF-AR-10001868,Office Supplies,Art,Prang Dustless Chalk Sticks,1.67999994754791
63,CA-2016-135545,2016-11-24,2016-11-30,Standard Class,KM-16720,Kunst Miller,Consumer,United States,Los Angeles,California,90004,West,TEC-AC-10004633,Technology,Accessories,"Verbatim 25 GB 6x Blu-ray Single Layer Recordable Disc, 3/Pack",13.9799995422363
64,CA-2016-135545,2016-11-24,2016-11-30,Standard Class,KM-16720,Kunst Miller,Consumer,United States,Los Angeles,California,90004,West,OFF-BI-10001078,Office Supplies,Binders,"Acco PRESSTEX Data Binder with Storage Hooks, Dark Blue, 14 7/8"" X 11""",25.8239994049072
65,CA-2016-135545,2016-11-24,2016-11-30,Standard Class,KM-16720,Kunst Miller,Consumer,United States,Los Angeles,California,90004,West,OFF-PA-10003892,Office Supplies,Paper,Xerox 1943,146.729995727539
66,CA-2016-135545,2016-11-24,2016-11-30,Standard Class,KM-16720,Kunst Miller,Consumer,United States,Los Angeles,California,90004,West,FUR-FU-10000397,Furniture,Furnishings,Luxo Economy Swing Arm Lamp,79.7600021362305
67,US-2016-164175,2016-04-30,2016-05-05,Standard Class,PS-18970,Paul Stevenson,Home Office,United States,Chicago,Illinois,60610,Central,FUR-CH-10001146,Furniture,Chairs,"Global Value Mid-Back Manager's Chair, Gray",213.115005493164
68,CA-2015-106376,2015-12-05,2015-12-10,Standard Class,BS-11590,Brendan Sweed,Corporate,United States,Gilbert,Arizona,85234,West,OFF-AR-10002671,Office Supplies,Art,"Hunt BOSTON Model 1606 High-Volume Electric Pencil Sharpener, Beige",1113.02404785156
69,CA-2015-106376,2015-12-05,2015-12-10,Standard Class,BS-11590,Brendan Sweed,Corporate,United States,Gilbert,Arizona,85234,West,TEC-PH-10002726,Technology,Phones,netTALK DUO VoIP Telephone Service,167.968002319336
70,CA-2017-119823,2017-06-04,2017-06-06,First Class,KD-16270,Karen Daniels,Consumer,United States,Springfield,Virginia,22153,South,OFF-PA-10000482,Office Supplies,Paper,"Snap-A-Way Black Print Carbonless Ruled Speed Letter, Triplicate",75.879997253418
71,CA-2017-106075,2017-09-18,2017-09-23,Standard Class,HM-14980,Henry MacAllister,Consumer,United States,New York City,New York,10009,East,OFF-BI-10004654,Office Supplies,Binders,Avery Binding System Hidden Tab Executive Style Index Sets,4.61600017547607
72,CA-2018-114440,2018-09-14,2018-09-17,Second Class,TB-21520,Tracy Blumstein,Consumer,United States,Jackson,Michigan,49201,Central,OFF-PA-10004675,Office Supplies,Paper,"Telephone Message Books with Fax/Mobile Section, 5 1/2"" x 3 3/16""",19.0499992370605
73,US-2016-134026,2016-04-26,2016-05-02,Standard Class,JE-15745,Joel Eaton,Consumer,United States,Memphis,Tennessee,38109,South,FUR-CH-10000513,Furniture,Chairs,High-Back Leather Manager's Chair,831.935974121094
74,US-2016-134026,2016-04-26,2016-05-02,Standard Class,JE-15745,Joel Eaton,Consumer,United States,Memphis,Tennessee,38109,South,FUR-FU-10003708,Furniture,Furnishings,"Tenex Traditional Chairmats for Medium Pile Carpet, Standard Lip, 36"" x 48""",97.0400009155273
75,US-2016-134026,2016-04-26,2016-05-02,Standard Class,JE-15745,Joel Eaton,Consumer,United States,Memphis,Tennessee,38109,South,OFF-ST-10004123,Office Supplies,Storage,Safco Industrial Wire Shelving System,72.7839965820313
76,US-2018-118038,2018-12-09,2018-12-11,First Class,KB-16600,Ken Brennan,Corporate,United States,Houston,Texas,77041,Central,OFF-BI-10004182,Office Supplies,Binders,Economy Binders,1.24800002574921
77,US-2018-118038,2018-12-09,2018-12-11,First Class,KB-16600,Ken Brennan,Corporate,United States,Houston,Texas,77041,Central,FUR-FU-10000260,Furniture,Furnishings,"6"" Cubicle Wall Clock, Black",9.70800018310547
78,US-2018-118038,2018-12-09,2018-12-11,First Class,KB-16600,Ken Brennan,Corporate,United States,Houston,Texas,77041,Central,OFF-ST-10000615,Office Supplies,Storage,"SimpliFile Personal File, Black Granite, 15w x 6-15/16d x 11-1/4h",27.2399997711182
79,US-2015-147606,2015-11-26,2015-12-01,Second Class,JE-15745,Joel Eaton,Consumer,United States,Houston,Texas,77070,Central,FUR-FU-10003194,Furniture,Furnishings,"Eldon Expressions Desk Accessory, Wood Pencil Holder, Oak",19.2999992370605
80,CA-2017-127208,2017-06-12,2017-06-15,First Class,SC-20770,Stewart Carmichael,Corporate,United States,Decatur,Alabama,35601,South,OFF-AP-10002118,Office Supplies,Appliances,"1.7 Cubic Foot Compact ""Cube"" Office Refrigerators",208.160003662109
81,CA-2017-127208,2017-06-12,2017-06-15,First Class,SC-20770,Stewart Carmichael,Corporate,United States,Decatur,Alabama,35601,South,OFF-BI-10002309,Office Supplies,Binders,Avery Heavy-Duty EZD  Binder With Locking Rings,16.7399997711182
82,CA-2015-139451,2015-10-12,2015-10-16,Standard Class,DN-13690,Duane Noonan,Consumer,United States,San Francisco,California,94122,West,OFF-AR-10002053,Office Supplies,Art,"Premium Writing Pencils, Soft, #2 by Central Association for the Blind",14.8999996185303
83,CA-2015-139451,2015-10-12,2015-10-16,Standard Class,DN-13690,Duane Noonan,Consumer,United States,San Francisco,California,94122,West,OFF-ST-10002370,Office Supplies,Storage,"Sortfiler Multipurpose Personal File Organizer, Black",21.3899993896484
84,CA-2016-149734,2016-09-03,2016-09-08,Standard Class,JC-16105,Julie Creighton,Corporate,United States,Durham,North Carolina,27707,South,OFF-EN-10000927,Office Supplies,Envelopes,Jet-Pak Recycled Peel 'N' Seal Padded Mailers,200.983993530273
85,US-2018-119662,2018-11-13,2018-11-16,First Class,CS-12400,Christopher Schild,Home Office,United States,Chicago,Illinois,60623,Central,OFF-ST-10003656,Office Supplies,Storage,Safco Industrial Wire Shelving,230.376007080078
86,CA-2018-140088,2018-05-28,2018-05-30,Second Class,PO-18865,Patrick O'Donnell,Consumer,United States,Columbia,South Carolina,29203,South,FUR-CH-10000863,Furniture,Chairs,Novimex Swivel Fabric Task Chair,301.959991455078
87,CA-2018-155558,2018-10-26,2018-11-02,Standard Class,PG-18895,Paul Gonzalez,Consumer,United States,Rochester,Minnesota,55901,Central,TEC-AC-10001998,Technology,Accessories,Logitech LS21 Speaker System - PC Multimedia - 2.1-CH - Wired,19.9899997711182
88,CA-2018-155558,2018-10-26,2018-11-02,Standard Class,PG-18895,Paul Gonzalez,Consumer,United States,Rochester,Minnesota,55901,Central,OFF-LA-10000134,Office Supplies,Labels,Avery 511,6.15999984741211
89,CA-2017-159695,2017-04-05,2017-04-10,Second Class,GM-14455,Gary Mitchum,Home Office,United States,Houston,Texas,77095,Central,OFF-ST-10003442,Office Supplies,Storage,Eldon Portable Mobile Manager,158.36799621582
90,CA-2017-109806,2017-09-17,2017-09-22,Standard Class,JS-15685,Jim Sink,Corporate,United States,Los Angeles,California,90036,West,OFF-AR-10004930,Office Supplies,Art,Turquoise Lead Holder with Pocket Clip,20.1000003814697
91,CA-2017-109806,2017-09-17,2017-09-22,Standard Class,JS-15685,Jim Sink,Corporate,United States,Los Angeles,California,90036,West,TEC-PH-10004093,Technology,Phones,Panasonic Kx-TS550,73.5839996337891
92,CA-2017-109806,2017-09-17,2017-09-22,Standard Class,JS-15685,Jim Sink,Corporate,United States,Los Angeles,California,90036,West,OFF-PA-10000304,Office Supplies,Paper,Xerox 1995,6.48000001907349
93,CA-2016-149587,2016-01-31,2016-02-05,Second Class,KB-16315,Karl Braun,Consumer,United States,Minneapolis,Minnesota,55407,Central,OFF-PA-10003177,Office Supplies,Paper,Xerox 1999,12.960000038147
94,CA-2016-149587,2016-01-31,2016-02-05,Second Class,KB-16315,Karl Braun,Consumer,United States,Minneapolis,Minnesota,55407,Central,FUR-FU-10003799,Furniture,Furnishings,"Seth Thomas 13 1/2"" Wall Clock",53.3400001525879
95,CA-2016-149587,2016-01-31,2016-02-05,Second Class,KB-16315,Karl Braun,Consumer,United States,Minneapolis,Minnesota,55407,Central,OFF-BI-10002852,Office Supplies,Binders,Ibico Standard Transparent Covers,32.9599990844727
96,US-2018-109484,2018-11-06,2018-11-12,Standard Class,RB-19705,Roger Barcio,Home Office,United States,Portland,Oregon,97206,West,OFF-BI-10004738,Office Supplies,Binders,Flexible Leather- Look Classic Collection Ring Binder,5.68200016021729
97,CA-2018-161018,2018-11-09,2018-11-11,Second Class,PN-18775,Parhena Norris,Home Office,United States,New York City,New York,10009,East,FUR-FU-10000629,Furniture,Furnishings,9-3/4 Diameter Round Wall Clock,96.5299987792969
98,CA-2018-157833,2018-06-17,2018-06-20,First Class,KD-16345,Katherine Ducich,Consumer,United States,San Francisco,California,94122,West,OFF-BI-10001721,Office Supplies,Binders,Trimflex Flexible Post Binders,51.3120002746582
99,CA-2017-149223,2017-09-06,2017-09-11,Standard Class,ER-13855,Elpida Rittenbach,Corporate,United States,Saint Paul,Minnesota,55106,Central,OFF-AP-10000358,Office Supplies,Appliances,Fellowes Basic Home/Office Series Surge Protectors,77.879997253418
100,CA-2017-158568,2017-08-29,2017-09-02,Standard Class,RB-19465,Rick Bensley,Home Office,United States,Chicago,Illinois,60610,Central,OFF-PA-10003256,Office Supplies,Paper,Avery Personal Creations Heavyweight Cards,64.6240005493164
101,CA-2017-158568,2017-08-29,2017-09-02,Standard Class,RB-19465,Rick Bensley,Home Office,United States,Chicago,Illinois,60610,Central,TEC-AC-10001767,Technology,Accessories,SanDisk Ultra 64 GB MicroSDHC Class 10 Memory Card,95.9759979248047
102,CA-2017-158568,2017-08-29,2017-09-02,Standard Class,RB-19465,Rick Bensley,Home Office,United States,Chicago,Illinois,60610,Central,OFF-BI-10002609,Office Supplies,Binders,Avery Hidden Tab Dividers for Binding Systems,1.78799998760223
103,CA-2017-129903,2017-12-01,2017-12-04,Second Class,GZ-14470,Gary Zandusky,Consumer,United States,Rochester,Minnesota,55901,Central,OFF-PA-10004040,Office Supplies,Paper,Universal Premium White Copier/Laser Paper (20Lb. and 87 Bright),23.9200000762939
104,US-2016-156867,2016-11-13,2016-11-17,Standard Class,LC-16870,Lena Cacioppo,Consumer,United States,Aurora,Colorado,80013,West,TEC-AC-10001552,Technology,Accessories,Logitech K350 2.4Ghz Wireless Keyboard,238.89599609375
105,US-2016-156867,2016-11-13,2016-11-17,Standard Class,LC-16870,Lena Cacioppo,Consumer,United States,Aurora,Colorado,80013,West,FUR-FU-10004006,Furniture,Furnishings,"Deflect-o DuraMat Lighweight, Studded, Beveled Mat for Low Pile Carpeting",102.360000610352
106,US-2016-156867,2016-11-13,2016-11-17,Standard Class,LC-16870,Lena Cacioppo,Consumer,United States,Aurora,Colorado,80013,West,OFF-BI-10002794,Office Supplies,Binders,"Avery Trapezoid Ring Binder, 3"" Capacity, Black, 1040 sheets",36.8819999694824
107,CA-2018-119004,2018-11-23,2018-11-28,Standard Class,JM-15250,Janet Martin,Consumer,United States,Charlotte,North Carolina,28205,South,TEC-AC-10003499,Technology,Accessories,Memorex Mini Travel Drive 8 GB USB 2.0 Flash Drive,74.1119995117188
108,CA-2018-119004,2018-11-23,2018-11-28,Standard Class,JM-15250,Janet Martin,Consumer,United States,Charlotte,North Carolina,28205,South,TEC-PH-10002844,Technology,Phones,Speck Products Candyshell Flip Case,27.992000579834
109,CA-2018-119004,2018-11-23,2018-11-28,Standard Class,JM-15250,Janet Martin,Consumer,United States,Charlotte,North Carolina,28205,South,OFF-AR-10000390,Office Supplies,Art,Newell Chalk Holder,3.30399990081787
110,CA-2016-129476,2016-10-15,2016-10-20,Standard Class,PA-19060,Pete Armstrong,Home Office,United States,Orland Park,Illinois,60462,Central,TEC-AC-10000844,Technology,Accessories,Logitech Gaming G510s - Keyboard,339.959991455078
111,CA-2018-146780,2018-12-25,2018-12-30,Standard Class,CV-12805,Cynthia Voltz,Corporate,United States,New York City,New York,10035,East,FUR-FU-10001934,Furniture,Furnishings,Magnifier Swing Arm Lamp,41.9599990844727
112,CA-2017-128867,2017-11-03,2017-11-10,Standard Class,CL-12565,Clay Ludtke,Consumer,United States,Urbandale,Iowa,50322,Central,OFF-AR-10000380,Office Supplies,Art,"Hunt PowerHouse Electric Pencil Sharpener, Blue",75.9599990844727
113,CA-2017-128867,2017-11-03,2017-11-10,Standard Class,CL-12565,Clay Ludtke,Consumer,United States,Urbandale,Iowa,50322,Central,OFF-BI-10003981,Office Supplies,Binders,"Avery Durable Plastic 1"" Binders",27.2399997711182
114,CA-2015-115259,2015-08-25,2015-08-27,Second Class,RC-19960,Ryan Crowe,Consumer,United States,Columbus,Ohio,43229,East,OFF-FA-10000621,Office Supplies,Fasteners,"OIC Colored Binder Clips, Assorted Sizes",40.0960006713867
115,CA-2015-115259,2015-08-25,2015-08-27,Second Class,RC-19960,Ryan Crowe,Consumer,United States,Columbus,Ohio,43229,East,OFF-EN-10002600,Office Supplies,Envelopes,"Redi-Strip #10 Envelopes, 4 1/8 x 9 1/2",4.71999979019165
116,CA-2015-115259,2015-08-25,2015-08-27,Second Class,RC-19960,Ryan Crowe,Consumer,United States,Columbus,Ohio,43229,East,OFF-PA-10004965,Office Supplies,Paper,Xerox 1921,23.9759998321533
117,CA-2015-115259,2015-08-25,2015-08-27,Second Class,RC-19960,Ryan Crowe,Consumer,United States,Columbus,Ohio,43229,East,OFF-EN-10002504,Office Supplies,Envelopes,"Tyvek  Top-Opening Peel & Seel Envelopes, Plain White",130.464004516602
118,CA-2016-110457,2016-03-02,2016-03-06,Standard Class,DK-13090,Dave Kipp,Consumer,United States,Seattle,Washington,98103,West,FUR-TA-10001768,Furniture,Tables,Hon Racetrack Conference Tables,787.530029296875
119,US-2016-136476,2016-04-05,2016-04-10,Standard Class,GG-14650,Greg Guthrie,Corporate,United States,Bristol,Tennessee,37620,South,OFF-BI-10003650,Office Supplies,Binders,GBC DocuBind 300 Electric Binding Machine,157.794006347656
120,CA-2017-103730,2017-06-12,2017-06-15,First Class,SC-20725,Steven Cartwright,Consumer,United States,Wilmington,Delaware,19805,East,FUR-FU-10002157,Furniture,Furnishings,Artistic Insta-Plaque,47.0400009155273
121,CA-2017-103730,2017-06-12,2017-06-15,First Class,SC-20725,Steven Cartwright,Consumer,United States,Wilmington,Delaware,19805,East,OFF-BI-10003910,Office Supplies,Binders,DXL Angle-View Binders with Locking Rings by Samsill,30.8400001525879
122,CA-2017-103730,2017-06-12,2017-06-15,First Class,SC-20725,Steven Cartwright,Consumer,United States,Wilmington,Delaware,19805,East,OFF-ST-10000777,Office Supplies,Storage,"Companion Letter/Legal File, Black",226.559997558594
123,CA-2017-103730,2017-06-12,2017-06-15,First Class,SC-20725,Steven Cartwright,Consumer,United States,Wilmington,Delaware,19805,East,OFF-EN-10002500,Office Supplies,Envelopes,Globe Weis Peel & Seel First Class Envelopes,115.019996643066
124,CA-2017-103730,2017-06-12,2017-06-15,First Class,SC-20725,Steven Cartwright,Consumer,United States,Wilmington,Delaware,19805,East,TEC-PH-10003875,Technology,Phones,KLD Oscar II Style Snap-on Ultra Thin Side Flip Synthetic Leather Cover Case for HTC One HTC M7,68.0400009155273
125,US-2015-152030,2015-12-26,2015-12-28,Second Class,AD-10180,Alan Dominguez,Home Office,United States,Houston,Texas,77041,Central,FUR-CH-10004063,Furniture,Chairs,Global Deluxe High-Back Manager's Chair,600.557983398438
126,US-2015-134614,2015-09-20,2015-09-25,Standard Class,PF-19165,Philip Fox,Consumer,United States,Bloomington,Illinois,61701,Central,FUR-TA-10004534,Furniture,Tables,Bevis 44 x 96 Conference Tables,617.700012207031
127,US-2018-107272,2018-11-05,2018-11-12,Standard Class,TS-21610,Troy Staebel,Consumer,United States,Phoenix,Arizona,85023,West,OFF-BI-10003274,Office Supplies,Binders,"Avery Durable Slant Ring Binders, No Labels",2.38800001144409
128,US-2018-107272,2018-11-05,2018-11-12,Standard Class,TS-21610,Troy Staebel,Consumer,United States,Phoenix,Arizona,85023,West,OFF-ST-10002974,Office Supplies,Storage,"Trav-L-File Heavy-Duty Shuttle II, Black",243.992004394531
129,US-2017-125969,2017-11-06,2017-11-10,Second Class,LS-16975,Lindsay Shagiari,Home Office,United States,Los Angeles,California,90004,West,FUR-CH-10001146,Furniture,Chairs,"Global Task Chair, Black",81.4240036010742
130,US-2017-125969,2017-11-06,2017-11-10,Second Class,LS-16975,Lindsay Shagiari,Home Office,United States,Los Angeles,California,90004,West,FUR-FU-10003773,Furniture,Furnishings,Eldon Cleatmat Plus Chair Mats for High Pile Carpets,238.559997558594
131,US-2018-164147,2018-02-02,2018-02-05,First Class,DW-13585,Dorothy Wardle,Corporate,United States,Columbus,Ohio,43229,East,TEC-PH-10002293,Technology,Phones,Anker 36W 4-Port USB Wall Charger Travel Power Adapter for iPhone 5s 5c 5,59.9700012207031
132,US-2018-164147,2018-02-02,2018-02-05,First Class,DW-13585,Dorothy Wardle,Corporate,United States,Columbus,Ohio,43229,East,OFF-PA-10002377,Office Supplies,Paper,Xerox 1916,78.3040008544922
133,US-2018-164147,2018-02-02,2018-02-05,First Class,DW-13585,Dorothy Wardle,Corporate,United States,Columbus,Ohio,43229,East,OFF-FA-10002780,Office Supplies,Fasteners,Staples,21.4559993743896
134,CA-2017-145583,2017-10-13,2017-10-19,Standard Class,LC-16885,Lena Creighton,Consumer,United States,Roseville,California,95661,West,OFF-PA-10001804,Office Supplies,Paper,Xerox 195,20.0400009155273
135,CA-2017-145583,2017-10-13,2017-10-19,Standard Class,LC-16885,Lena Creighton,Consumer,United States,Roseville,California,95661,West,OFF-PA-10001736,Office Supplies,Paper,Xerox 1880,35.439998626709
136,CA-2017-145583,2017-10-13,2017-10-19,Standard Class,LC-16885,Lena Creighton,Consumer,United States,Roseville,California,95661,West,OFF-AR-10001149,Office Supplies,Art,"Sanford Colorific Colored Pencils, 12/Box",11.5200004577637
137,CA-2017-145583,2017-10-13,2017-10-19,Standard Class,LC-16885,Lena Creighton,Consumer,United States,Roseville,California,95661,West,OFF-FA-10002988,Office Supplies,Fasteners,Ideal Clamps,4.01999998092651
138,CA-2017-145583,2017-10-13,2017-10-19,Standard Class,LC-16885,Lena Creighton,Consumer,United States,Roseville,California,95661,West,OFF-BI-10004781,Office Supplies,Binders,GBC Wire Binding Strips,76.1760025024414
139,CA-2017-145583,2017-10-13,2017-10-19,Standard Class,LC-16885,Lena Creighton,Consumer,United States,Roseville,California,95661,West,OFF-SU-10001218,Office Supplies,Supplies,Fiskars Softgrip Scissors,65.879997253418
140,CA-2017-145583,2017-10-13,2017-10-19,Standard Class,LC-16885,Lena Creighton,Consumer,United States,Roseville,California,95661,West,FUR-FU-10001706,Furniture,Furnishings,Longer-Life Soft White Bulbs,43.1199989318848
161,CA-2017-162733,2017-05-11,2017-05-12,First Class,TT-21070,Ted Trevino,Consumer,United States,Los Angeles,California,90045,West,OFF-PA-10002751,Office Supplies,Paper,Xerox 1920,5.98000001907349
141,CA-2017-110366,2017-09-05,2017-09-07,Second Class,JD-15895,Jonathan Doherty,Corporate,United States,Philadelphia,Pennsylvania,19140,East,FUR-FU-10004848,Furniture,Furnishings,"Howard Miller 13-3/4"" Diameter Brushed Chrome Round Wall Clock",82.8000030517578
142,CA-2018-106180,2018-09-18,2018-09-23,Standard Class,SH-19975,Sally Hughsby,Corporate,United States,San Francisco,California,94122,West,OFF-AR-10000940,Office Supplies,Art,Newell 343,8.81999969482422
143,CA-2018-106180,2018-09-18,2018-09-23,Standard Class,SH-19975,Sally Hughsby,Corporate,United States,San Francisco,California,94122,West,OFF-EN-10004030,Office Supplies,Envelopes,Convenience Packs of Business Envelopes,10.8599996566772
144,CA-2018-106180,2018-09-18,2018-09-23,Standard Class,SH-19975,Sally Hughsby,Corporate,United States,San Francisco,California,94122,West,OFF-PA-10004327,Office Supplies,Paper,Xerox 1911,143.699996948242
145,CA-2018-155376,2018-12-22,2018-12-27,Standard Class,SG-20080,Sandra Glassco,Consumer,United States,Independence,Missouri,64055,Central,OFF-AP-10001058,Office Supplies,Appliances,Sanyo 2.5 Cubic Foot Mid-Size Office Refrigerators,839.429992675781
146,CA-2016-110744,2016-09-07,2016-09-12,Standard Class,HA-14920,Helen Andreada,Consumer,United States,Pasadena,California,91104,West,OFF-ST-10003656,Office Supplies,Storage,Safco Industrial Wire Shelving,671.929992675781
147,CA-2015-110072,2015-10-22,2015-10-28,Standard Class,MG-17680,Maureen Gastineau,Home Office,United States,Newark,Ohio,43055,East,FUR-FU-10000521,Furniture,Furnishings,"Seth Thomas 14"" Putty-Colored Wall Clock",93.8880004882813
148,CA-2017-114489,2017-12-05,2017-12-09,Standard Class,JE-16165,Justin Ellison,Corporate,United States,Franklin,Wisconsin,53132,Central,TEC-PH-10000215,Technology,Phones,Plantronics Cordless Phone Headset with In-line Volume - M214C,384.450012207031
149,CA-2017-114489,2017-12-05,2017-12-09,Standard Class,JE-16165,Justin Ellison,Corporate,United States,Franklin,Wisconsin,53132,Central,TEC-PH-10001448,Technology,Phones,Anker Astro 15000mAh USB Portable Charger,149.970001220703
150,CA-2017-114489,2017-12-05,2017-12-09,Standard Class,JE-16165,Justin Ellison,Corporate,United States,Franklin,Wisconsin,53132,Central,FUR-CH-10000454,Furniture,Chairs,"Hon Deluxe Fabric Upholstered Stacking Chairs, Rounded Back",1951.83996582031
151,CA-2017-114489,2017-12-05,2017-12-09,Standard Class,JE-16165,Justin Ellison,Corporate,United States,Franklin,Wisconsin,53132,Central,OFF-BI-10002735,Office Supplies,Binders,GBC Prestige Therm-A-Bind Covers,171.550003051758
152,CA-2017-158834,2017-03-13,2017-03-16,First Class,TW-21025,Tamara Willingham,Home Office,United States,Scottsdale,Arizona,85254,West,OFF-AP-10000326,Office Supplies,Appliances,Belkin 7 Outlet SurgeMaster Surge Protector with Phone Protection,157.919998168945
153,CA-2017-158834,2017-03-13,2017-03-16,First Class,TW-21025,Tamara Willingham,Home Office,United States,Scottsdale,Arizona,85254,West,TEC-PH-10001254,Technology,Phones,Jabra BIZ 2300 Duo QD Duo Corded Headset,203.184005737305
154,CA-2016-124919,2016-05-31,2016-06-02,First Class,SP-20650,Stephanie Phelps,Corporate,United States,San Jose,California,95123,West,OFF-PA-10001950,Office Supplies,Paper,Southworth 25% Cotton Antique Laid Paper & Envelopes,58.3800010681152
155,CA-2016-124919,2016-05-31,2016-06-02,First Class,SP-20650,Stephanie Phelps,Corporate,United States,San Jose,California,95123,West,OFF-PA-10002254,Office Supplies,Paper,Xerox 1883,105.519996643066
156,CA-2016-124919,2016-05-31,2016-06-02,First Class,SP-20650,Stephanie Phelps,Corporate,United States,San Jose,California,95123,West,OFF-ST-10001590,Office Supplies,Storage,"Tenex Personal Project File with Scoop Front Design, Black",80.879997253418
157,CA-2016-118948,2016-05-28,2016-06-03,Standard Class,NK-18490,Neil Knudson,Home Office,United States,Seattle,Washington,98105,West,OFF-AR-10001547,Office Supplies,Art,Newell 311,6.63000011444092
158,CA-2015-104269,2015-03-01,2015-03-06,Second Class,DB-13060,Dave Brooks,Consumer,United States,Seattle,Washington,98115,West,FUR-CH-10004063,Furniture,Chairs,Global Deluxe High-Back Manager's Chair,457.567993164063
159,CA-2017-114104,2017-11-20,2017-11-24,Standard Class,NP-18670,Nora Paige,Consumer,United States,Edmond,Oklahoma,73034,Central,OFF-LA-10002475,Office Supplies,Labels,Avery 519,14.6199998855591
160,CA-2017-114104,2017-11-20,2017-11-24,Standard Class,NP-18670,Nora Paige,Consumer,United States,Edmond,Oklahoma,73034,Central,TEC-PH-10004536,Technology,Phones,Avaya 5420 Digital phone,944.929992675781
162,CA-2016-119697,2016-12-28,2016-12-31,Second Class,EM-13960,Eric Murdock,Consumer,United States,Philadelphia,Pennsylvania,19134,East,TEC-AC-10003657,Technology,Accessories,Lenovo 17-Key USB Numeric Keypad,54.3839988708496
163,CA-2017-154508,2017-11-16,2017-11-20,Standard Class,RD-19900,Ruben Dartt,Consumer,United States,Carlsbad,New Mexico,88220,West,OFF-EN-10001990,Office Supplies,Envelopes,Staple envelope,28.3999996185303
164,CA-2017-113817,2017-11-07,2017-11-11,Standard Class,MJ-17740,Max Jones,Consumer,United States,Seattle,Washington,98115,West,OFF-BI-10004002,Office Supplies,Binders,Wilson Jones International Size A4 Ring Binders,27.6800003051758
165,CA-2015-139892,2015-09-08,2015-09-12,Standard Class,BM-11140,Becky Martin,Consumer,United States,San Antonio,Texas,78207,Central,OFF-AR-10004441,Office Supplies,Art,BIC Brite Liner Highlighters,9.93599987030029
166,CA-2015-139892,2015-09-08,2015-09-12,Standard Class,BM-11140,Becky Martin,Consumer,United States,San Antonio,Texas,78207,Central,TEC-MA-10000822,Technology,Machines,Lexmark MX611dhe Monochrome Laser Printer,8159.9521484375
167,CA-2015-139892,2015-09-08,2015-09-12,Standard Class,BM-11140,Becky Martin,Consumer,United States,San Antonio,Texas,78207,Central,OFF-ST-10000991,Office Supplies,Storage,Space Solutions HD Industrial Steel Shelving.,275.928009033203
168,CA-2015-139892,2015-09-08,2015-09-12,Standard Class,BM-11140,Becky Martin,Consumer,United States,San Antonio,Texas,78207,Central,FUR-CH-10004287,Furniture,Chairs,SAFCO Arco Folding Chair,1740.06005859375
169,CA-2015-139892,2015-09-08,2015-09-12,Standard Class,BM-11140,Becky Martin,Consumer,United States,San Antonio,Texas,78207,Central,OFF-AR-10002656,Office Supplies,Art,Sanford Liquid Accent Highlighters,32.0639991760254
170,CA-2015-139892,2015-09-08,2015-09-12,Standard Class,BM-11140,Becky Martin,Consumer,United States,San Antonio,Texas,78207,Central,OFF-AP-10002518,Office Supplies,Appliances,Kensington 7 Outlet MasterPiece Power Center,177.979995727539
171,CA-2015-139892,2015-09-08,2015-09-12,Standard Class,BM-11140,Becky Martin,Consumer,United States,San Antonio,Texas,78207,Central,TEC-PH-10003931,Technology,Phones,JBL Micro Wireless Portable Bluetooth Speaker,143.975997924805
172,CA-2015-118962,2015-08-05,2015-08-09,Standard Class,CS-12130,Chad Sievert,Consumer,United States,Los Angeles,California,90004,West,OFF-PA-10000659,Office Supplies,Paper,"Adams Phone Message Book, Professional, 400 Message Capacity, 5 3/6” x 11”",20.9400005340576
173,CA-2015-118962,2015-08-05,2015-08-09,Standard Class,CS-12130,Chad Sievert,Consumer,United States,Los Angeles,California,90004,West,OFF-PA-10001144,Office Supplies,Paper,Xerox 1913,110.959999084473
174,CA-2015-118962,2015-08-05,2015-08-09,Standard Class,CS-12130,Chad Sievert,Consumer,United States,Los Angeles,California,90004,West,FUR-CH-10003817,Furniture,Chairs,"Global Value Steno Chair, Gray",340.144012451172
175,US-2015-100853,2015-09-14,2015-09-19,Standard Class,JB-15400,Jennifer Braxton,Corporate,United States,Chicago,Illinois,60623,Central,OFF-AP-10000891,Office Supplies,Appliances,Kensington 7 Outlet MasterPiece HOMEOFFICE Power Control Center,52.4480018615723
176,US-2015-100853,2015-09-14,2015-09-19,Standard Class,JB-15400,Jennifer Braxton,Corporate,United States,Chicago,Illinois,60623,Central,OFF-LA-10003148,Office Supplies,Labels,Avery 51,20.1599998474121
177,US-2018-152366,2018-04-21,2018-04-25,Second Class,SJ-20500,Shirley Jackson,Consumer,United States,Houston,Texas,77036,Central,OFF-AP-10002684,Office Supplies,Appliances,"Acco 7-Outlet Masterpiece Power Center, Wihtout Fax/Phone Line Protection",97.2639999389648
178,US-2016-101511,2016-11-21,2016-11-23,Second Class,JE-15745,Joel Eaton,Consumer,United States,Newark,Ohio,43055,East,FUR-CH-10004698,Furniture,Chairs,"Padded Folding Chairs, Black, 4/Carton",396.802001953125
179,US-2016-101511,2016-11-21,2016-11-23,Second Class,JE-15745,Joel Eaton,Consumer,United States,Newark,Ohio,43055,East,OFF-SU-10002189,Office Supplies,Supplies,Acme Rosewood Handle Letter Opener,15.8800001144409
180,CA-2016-137225,2016-12-15,2016-12-19,Standard Class,JK-15640,Jim Kriz,Home Office,United States,New York City,New York,10009,East,OFF-AR-10001940,Office Supplies,Art,"Sanford Colorific Eraseable Coloring Pencils, 12 Count",3.27999997138977
181,CA-2015-166191,2015-12-05,2015-12-09,Second Class,DK-13150,David Kendrick,Corporate,United States,Decatur,Illinois,62521,Central,OFF-ST-10003455,Office Supplies,Storage,"Tenex File Box, Personal Filing Tote with Lid, Black",24.8159999847412
182,CA-2015-166191,2015-12-05,2015-12-09,Second Class,DK-13150,David Kendrick,Corporate,United States,Decatur,Illinois,62521,Central,TEC-AC-10004659,Technology,Accessories,Imation Secure+ Hardware Encrypted USB 2.0 Flash Drive; 16GB,408.743988037109
183,CA-2015-158274,2015-11-19,2015-11-24,Second Class,RM-19675,Robert Marley,Home Office,United States,Monroe,Louisiana,71203,South,TEC-PH-10003273,Technology,Phones,AT&T TR1909W,503.959991455078
184,CA-2015-158274,2015-11-19,2015-11-24,Second Class,RM-19675,Robert Marley,Home Office,United States,Monroe,Louisiana,71203,South,TEC-PH-10004896,Technology,Phones,Nokia Lumia 521 (T-Mobile),149.949996948242
185,CA-2015-158274,2015-11-19,2015-11-24,Second Class,RM-19675,Robert Marley,Home Office,United States,Monroe,Louisiana,71203,South,TEC-AC-10002345,Technology,Accessories,HP Standard 104 key PS/2 Keyboard,29
186,CA-2017-105018,2017-11-28,2017-12-02,Standard Class,SK-19990,Sally Knutson,Consumer,United States,Fairfield,Connecticut,6824,East,OFF-BI-10001890,Office Supplies,Binders,Avery Poly Binder Pockets,7.15999984741211
187,CA-2015-123260,2015-08-26,2015-08-30,Standard Class,FM-14290,Frank Merwin,Home Office,United States,Los Angeles,California,90032,West,TEC-AC-10002323,Technology,Accessories,SanDisk Ultra 32 GB MicroSDHC Class 10 Memory Card,176.800003051758
188,CA-2017-157000,2017-07-16,2017-07-22,Standard Class,AM-10360,Alice McCarthy,Corporate,United States,Grand Prairie,Texas,75051,Central,OFF-ST-10001328,Office Supplies,Storage,"Personal Filing Tote with Lid, Black/Gray",37.2239990234375
189,CA-2017-157000,2017-07-16,2017-07-22,Standard Class,AM-10360,Alice McCarthy,Corporate,United States,Grand Prairie,Texas,75051,Central,OFF-PA-10001950,Office Supplies,Paper,Southworth 25% Cotton Antique Laid Paper & Envelopes,20.0160007476807
190,CA-2016-102281,2016-10-12,2016-10-14,First Class,MP-17470,Mark Packer,Home Office,United States,New York City,New York,10035,East,FUR-BO-10002613,Furniture,Bookcases,"Atlantic Metals Mobile 4-Shelf Bookcases, Custom Colors",899.135986328125
191,CA-2016-102281,2016-10-12,2016-10-14,First Class,MP-17470,Mark Packer,Home Office,United States,New York City,New York,10035,East,TEC-PH-10001552,Technology,Phones,I Need's 3d Hello Kitty Hybrid Silicone Case Cover for HTC One X 4g with 3d Hello Kitty Stylus Pen Green/pink,71.7600021362305
192,CA-2016-102281,2016-10-12,2016-10-14,First Class,MP-17470,Mark Packer,Home Office,United States,New York City,New York,10035,East,OFF-PA-10000061,Office Supplies,Paper,Xerox 205,51.8400001525879
193,CA-2016-102281,2016-10-12,2016-10-14,First Class,MP-17470,Mark Packer,Home Office,United States,New York City,New York,10035,East,FUR-BO-10002545,Furniture,Bookcases,"Atlantic Metals Mobile 3-Shelf Bookcases, Custom Colors",626.351989746094
194,CA-2016-102281,2016-10-12,2016-10-14,First Class,MP-17470,Mark Packer,Home Office,United States,New York City,New York,10035,East,OFF-AR-10003514,Office Supplies,Art,4009 Highlighters by Sanford,19.8999996185303
195,CA-2016-131457,2016-10-31,2016-11-06,Standard Class,MZ-17515,Mary Zewe,Corporate,United States,Redlands,California,92374,West,OFF-EN-10001509,Office Supplies,Envelopes,Poly String Tie Envelopes,14.2799997329712
196,CA-2015-140004,2015-03-21,2015-03-25,Standard Class,CB-12025,Cassandra Brandow,Consumer,United States,Hamilton,Ohio,45011,East,OFF-AR-10004685,Office Supplies,Art,"Binney & Smith Crayola Metallic Colored Pencils, 8-Color Set",7.40799999237061
197,CA-2015-140004,2015-03-21,2015-03-25,Standard Class,CB-12025,Cassandra Brandow,Consumer,United States,Hamilton,Ohio,45011,East,OFF-AR-10004027,Office Supplies,Art,"Binney & Smith inkTank Erasable Desk Highlighter, Chisel Tip, Yellow, 12/Box",6.0479998588562
198,CA-2018-107720,2018-11-06,2018-11-13,Standard Class,VM-21685,Valerie Mitchum,Home Office,United States,Westfield,New Jersey,7090,East,OFF-ST-10001414,Office Supplies,Storage,Decoflex Hanging Personal Folder File,46.2599983215332
199,US-2018-124303,2018-07-06,2018-07-13,Standard Class,FH-14365,Fred Hopkins,Corporate,United States,Philadelphia,Pennsylvania,19120,East,OFF-BI-10000343,Office Supplies,Binders,"Pressboard Covers with Storage Hooks, 9 1/2"" x 11"", Light Blue",2.94600009918213
200,US-2018-124303,2018-07-06,2018-07-13,Standard Class,FH-14365,Fred Hopkins,Corporate,United States,Philadelphia,Pennsylvania,19120,East,OFF-PA-10002749,Office Supplies,Paper,"Wirebound Message Books, 5-1/2 x 4 Forms, 2 or 4 Forms per Page",16.0559997558594
201,CA-2018-105074,2018-06-24,2018-06-29,Standard Class,MB-17305,Maria Bertelson,Consumer,United States,Akron,Ohio,44312,East,OFF-PA-10002666,Office Supplies,Paper,Southworth 25% Cotton Linen-Finish Paper & Envelopes,21.7439994812012
202,CA-2015-133690,2015-08-03,2015-08-05,First Class,BS-11755,Bruce Stewart,Consumer,United States,Denver,Colorado,80219,West,FUR-TA-10004289,Furniture,Tables,BoxOffice By Design Rectangular and Half-Moon Meeting Room Tables,218.75
203,CA-2015-133690,2015-08-03,2015-08-05,First Class,BS-11755,Bruce Stewart,Consumer,United States,Denver,Colorado,80219,West,OFF-AP-10003622,Office Supplies,Appliances,"Bravo II Megaboss 12-Amp Hard Body Upright, Replacement Belts, 2 Belts per Pack",2.59999990463257
204,US-2018-116701,2018-12-17,2018-12-21,Second Class,LC-17140,Logan Currie,Consumer,United States,Dallas,Texas,75220,Central,OFF-AP-10003217,Office Supplies,Appliances,Eureka Sanitaire  Commercial Upright,66.2839965820313
205,CA-2018-126382,2018-06-03,2018-06-07,Standard Class,HK-14890,Heather Kirkland,Corporate,United States,Franklin,Tennessee,37064,South,FUR-FU-10002960,Furniture,Furnishings,"Eldon 200 Class Desk Accessories, Burgundy",35.1679992675781
206,CA-2018-108329,2018-12-09,2018-12-14,Standard Class,LE-16810,Laurel Elliston,Consumer,United States,Whittier,California,90604,West,TEC-PH-10001918,Technology,Phones,Nortel Business Series Terminal T7208 Digital phone,444.768005371094
207,CA-2018-135860,2018-12-01,2018-12-07,Standard Class,JH-15985,Joseph Holt,Consumer,United States,Saginaw,Michigan,48601,Central,OFF-ST-10000642,Office Supplies,Storage,"Tennsco Lockers, Gray",83.9199981689453
208,CA-2018-135860,2018-12-01,2018-12-07,Standard Class,JH-15985,Joseph Holt,Consumer,United States,Saginaw,Michigan,48601,Central,TEC-PH-10001700,Technology,Phones,Panasonic KX-TG6844B Expandable Digital Cordless Telephone,131.979995727539
209,CA-2018-135860,2018-12-01,2018-12-07,Standard Class,JH-15985,Joseph Holt,Consumer,United States,Saginaw,Michigan,48601,Central,OFF-BI-10003274,Office Supplies,Binders,"Avery Durable Slant Ring Binders, No Labels",15.9200000762939
210,CA-2018-135860,2018-12-01,2018-12-07,Standard Class,JH-15985,Joseph Holt,Consumer,United States,Saginaw,Michigan,48601,Central,OFF-FA-10000134,Office Supplies,Fasteners,"Advantus Push Pins, Aluminum Head",52.2900009155273
211,CA-2018-135860,2018-12-01,2018-12-07,Standard Class,JH-15985,Joseph Holt,Consumer,United States,Saginaw,Michigan,48601,Central,OFF-ST-10001522,Office Supplies,Storage,"Gould Plastics 18-Pocket Panel Bin, 34w x 5-1/4d x 20-1/2h",91.9899978637695
212,CA-2016-101007,2016-02-09,2016-02-13,Second Class,MS-17980,Michael Stewart,Corporate,United States,Dallas,Texas,75220,Central,TEC-AC-10001266,Technology,Accessories,Memorex Micro Travel Drive 8 GB,20.7999992370605
213,CA-2016-146262,2016-01-02,2016-01-09,Standard Class,VW-21775,Victoria Wilson,Corporate,United States,Medina,Ohio,44256,East,OFF-LA-10004544,Office Supplies,Labels,Avery 505,23.6800003051758
214,CA-2016-146262,2016-01-02,2016-01-09,Standard Class,VW-21775,Victoria Wilson,Corporate,United States,Medina,Ohio,44256,East,FUR-BO-10004695,Furniture,Bookcases,O'Sullivan 2-Door Barrister Bookcase in Odessa Pine,452.450012207031
215,CA-2016-146262,2016-01-02,2016-01-09,Standard Class,VW-21775,Victoria Wilson,Corporate,United States,Medina,Ohio,44256,East,TEC-PH-10002844,Technology,Phones,Speck Products Candyshell Flip Case,62.9819984436035
216,CA-2016-146262,2016-01-02,2016-01-09,Standard Class,VW-21775,Victoria Wilson,Corporate,United States,Medina,Ohio,44256,East,TEC-MA-10000864,Technology,Machines,Cisco 9971 IP Video Phone Charcoal,1188
217,CA-2016-146262,2016-01-02,2016-01-09,Standard Class,VW-21775,Victoria Wilson,Corporate,United States,Medina,Ohio,44256,East,TEC-AC-10000109,Technology,Accessories,Sony Micro Vault Click 16 GB USB 2.0 Flash Drive,89.5839996337891
218,CA-2017-130162,2017-10-28,2017-11-01,Standard Class,JH-15910,Jonathan Howell,Consumer,United States,Los Angeles,California,90032,West,OFF-ST-10001328,Office Supplies,Storage,"Personal Filing Tote with Lid, Black/Gray",93.0599975585938
219,CA-2017-130162,2017-10-28,2017-11-01,Standard Class,JH-15910,Jonathan Howell,Consumer,United States,Los Angeles,California,90032,West,TEC-PH-10002563,Technology,Phones,Adtran 1202752G1,302.376007080078
220,CA-2016-169397,2016-12-24,2016-12-27,First Class,JB-15925,Joni Blumstein,Consumer,United States,Dublin,Ohio,43017,East,OFF-FA-10000585,Office Supplies,Fasteners,OIC Bulk Pack Metal Binder Clips,5.58400011062622
221,CA-2016-169397,2016-12-24,2016-12-27,First Class,JB-15925,Joni Blumstein,Consumer,United States,Dublin,Ohio,43017,East,OFF-PA-10004000,Office Supplies,Paper,"While You Were Out Pads, 50 per Pad, 4 x 5 1/4, Green Cycle",22.7040004730225
222,CA-2016-169397,2016-12-24,2016-12-27,First Class,JB-15925,Joni Blumstein,Consumer,United States,Dublin,Ohio,43017,East,OFF-BI-10002852,Office Supplies,Binders,Ibico Standard Transparent Covers,19.7759990692139
223,CA-2016-169397,2016-12-24,2016-12-27,First Class,JB-15925,Joni Blumstein,Consumer,United States,Dublin,Ohio,43017,East,FUR-FU-10000087,Furniture,Furnishings,"Executive Impressions 14"" Two-Color Numerals Wall Clock",72.7040023803711
224,CA-2016-169397,2016-12-24,2016-12-27,First Class,JB-15925,Joni Blumstein,Consumer,United States,Dublin,Ohio,43017,East,TEC-MA-10001148,Technology,Machines,Swingline SM12-08 MicroCut Jam Free Shredder,479.988006591797
225,CA-2016-169397,2016-12-24,2016-12-27,First Class,JB-15925,Joni Blumstein,Consumer,United States,Dublin,Ohio,43017,East,OFF-AR-10001958,Office Supplies,Art,Stanley Bostitch Contemporary Electric Pencil Sharpeners,27.1679992675781
226,CA-2016-163055,2016-08-09,2016-08-16,Standard Class,DS-13180,David Smith,Corporate,United States,Detroit,Michigan,48227,Central,OFF-AR-10001026,Office Supplies,Art,"Sanford Uni-Blazer View Highlighters, Chisel Tip, Yellow",2.20000004768372
227,CA-2016-163055,2016-08-09,2016-08-16,Standard Class,DS-13180,David Smith,Corporate,United States,Detroit,Michigan,48227,Central,FUR-TA-10003748,Furniture,Tables,Bevis 36 x 72 Conference Tables,622.450012207031
228,CA-2016-163055,2016-08-09,2016-08-16,Standard Class,DS-13180,David Smith,Corporate,United States,Detroit,Michigan,48227,Central,OFF-ST-10002485,Office Supplies,Storage,Rogers Deluxe File Chest,21.9799995422363
229,US-2016-145436,2016-02-28,2016-03-04,Standard Class,VD-21670,Valerie Dominguez,Consumer,United States,Columbia,Tennessee,38401,South,FUR-CH-10004860,Furniture,Chairs,Global Low Back Tilter Chair,161.567993164063
230,US-2016-145436,2016-02-28,2016-03-04,Standard Class,VD-21670,Valerie Dominguez,Consumer,United States,Columbia,Tennessee,38401,South,FUR-CH-10004477,Furniture,Chairs,"Global Push Button Manager's Chair, Indigo",389.696014404297
231,US-2015-156216,2015-09-13,2015-09-17,Standard Class,EA-14035,Erin Ashbrook,Corporate,United States,Charlotte,North Carolina,28205,South,OFF-BI-10001679,Office Supplies,Binders,GBC Instant Index System for Binding Systems,18.6480007171631
232,US-2018-100930,2018-04-07,2018-04-12,Standard Class,CS-12400,Christopher Schild,Home Office,United States,Tampa,Florida,33614,South,FUR-TA-10001705,Furniture,Tables,Bush Advantage Collection Round Conference Table,233.860000610352
233,US-2018-100930,2018-04-07,2018-04-12,Standard Class,CS-12400,Christopher Schild,Home Office,United States,Tampa,Florida,33614,South,FUR-TA-10003473,Furniture,Tables,Bretford Rectangular Conference Table Tops,620.614501953125
234,US-2018-100930,2018-04-07,2018-04-12,Standard Class,CS-12400,Christopher Schild,Home Office,United States,Tampa,Florida,33614,South,OFF-BI-10001679,Office Supplies,Binders,GBC Instant Index System for Binding Systems,5.32800006866455
235,US-2018-100930,2018-04-07,2018-04-12,Standard Class,CS-12400,Christopher Schild,Home Office,United States,Tampa,Florida,33614,South,FUR-FU-10004017,Furniture,Furnishings,"Tenex Contemporary Contur Chairmats for Low and Medium Pile Carpet, Computer, 39"" x 49""",258.071990966797
236,US-2018-100930,2018-04-07,2018-04-12,Standard Class,CS-12400,Christopher Schild,Home Office,United States,Tampa,Florida,33614,South,TEC-AC-10003832,Technology,Accessories,Logitech P710e Mobile Speakerphone,617.976013183594
237,CA-2018-160514,2018-11-12,2018-11-16,Standard Class,DB-13120,David Bremer,Corporate,United States,Santa Clara,California,95051,West,OFF-PA-10002479,Office Supplies,Paper,Xerox 4200 Series MultiUse Premium Copy Paper (20Lb. and 84 Bright),10.5600004196167
238,CA-2017-157749,2017-06-04,2017-06-09,Second Class,KL-16645,Ken Lonsdale,Consumer,United States,Chicago,Illinois,60610,Central,OFF-PA-10003349,Office Supplies,Paper,Xerox 1957,25.9200000762939
239,CA-2017-157749,2017-06-04,2017-06-09,Second Class,KL-16645,Ken Lonsdale,Consumer,United States,Chicago,Illinois,60610,Central,FUR-FU-10000576,Furniture,Furnishings,Luxo Professional Fluorescent Magnifier Lamp with Clamp-Mount Base,419.679992675781
240,CA-2017-157749,2017-06-04,2017-06-09,Second Class,KL-16645,Ken Lonsdale,Consumer,United States,Chicago,Illinois,60610,Central,FUR-FU-10004351,Furniture,Furnishings,Staple-based wall hangings,11.6879997253418
241,CA-2017-157749,2017-06-04,2017-06-09,Second Class,KL-16645,Ken Lonsdale,Consumer,United States,Chicago,Illinois,60610,Central,TEC-PH-10000011,Technology,Phones,PureGear Roll-On Screen Protector,31.9839992523193
242,CA-2017-157749,2017-06-04,2017-06-09,Second Class,KL-16645,Ken Lonsdale,Consumer,United States,Chicago,Illinois,60610,Central,FUR-TA-10002607,Furniture,Tables,KI Conference Tables,177.225006103516
243,CA-2017-157749,2017-06-04,2017-06-09,Second Class,KL-16645,Ken Lonsdale,Consumer,United States,Chicago,Illinois,60610,Central,FUR-FU-10002505,Furniture,Furnishings,Eldon 100 Class Desk Accessories,4.04400014877319
244,CA-2017-157749,2017-06-04,2017-06-09,Second Class,KL-16645,Ken Lonsdale,Consumer,United States,Chicago,Illinois,60610,Central,OFF-AR-10004685,Office Supplies,Art,"Binney & Smith Crayola Metallic Colored Pencils, 8-Color Set",7.40799999237061
245,CA-2015-131926,2015-06-01,2015-06-06,Second Class,DW-13480,Dianna Wilson,Home Office,United States,Lakeville,Minnesota,55044,Central,FUR-CH-10004063,Furniture,Chairs,Global Deluxe High-Back Manager's Chair,2001.85998535156
246,CA-2015-131926,2015-06-01,2015-06-06,Second Class,DW-13480,Dianna Wilson,Home Office,United States,Lakeville,Minnesota,55044,Central,OFF-ST-10002276,Office Supplies,Storage,Safco Steel Mobile File Cart,166.720001220703
247,CA-2015-131926,2015-06-01,2015-06-06,Second Class,DW-13480,Dianna Wilson,Home Office,United States,Lakeville,Minnesota,55044,Central,OFF-PA-10004082,Office Supplies,Paper,"Adams Telephone Message Book w/Frequently-Called Numbers Space, 400 Messages per Book",47.8800010681152
248,CA-2015-131926,2015-06-01,2015-06-06,Second Class,DW-13480,Dianna Wilson,Home Office,United States,Lakeville,Minnesota,55044,Central,OFF-AP-10002945,Office Supplies,Appliances,Honeywell Enviracaire Portable HEPA Air Cleaner for 17' x 22' Room,1503.25
249,CA-2015-131926,2015-06-01,2015-06-06,Second Class,DW-13480,Dianna Wilson,Home Office,United States,Lakeville,Minnesota,55044,Central,OFF-PA-10000061,Office Supplies,Paper,Xerox 205,25.9200000762939
250,CA-2017-154739,2017-12-10,2017-12-15,Second Class,LH-17155,Logan Haushalter,Consumer,United States,San Francisco,California,94109,West,FUR-CH-10002965,Furniture,Chairs,"Global Leather Highback Executive Chair with Pneumatic Height Adjustment, Black",321.567993164063
251,CA-2017-145625,2017-09-11,2017-09-17,Standard Class,KC-16540,Kelly Collister,Consumer,United States,San Diego,California,92037,West,OFF-PA-10004569,Office Supplies,Paper,"Wirebound Message Books, Two 4 1/4"" x 5"" Forms per Page",7.6100001335144
252,CA-2017-145625,2017-09-11,2017-09-17,Standard Class,KC-16540,Kelly Collister,Consumer,United States,San Diego,California,92037,West,TEC-AC-10003832,Technology,Accessories,Logitech P710e Mobile Speakerphone,3347.3701171875
253,CA-2017-146941,2017-12-10,2017-12-13,First Class,DL-13315,Delfina Latchford,Consumer,United States,New York City,New York,10024,East,OFF-ST-10001228,Office Supplies,Storage,"Fellowes Personal Hanging Folder Files, Navy",80.5800018310547
254,CA-2017-146941,2017-12-10,2017-12-13,First Class,DL-13315,Delfina Latchford,Consumer,United States,New York City,New York,10024,East,OFF-EN-10003296,Office Supplies,Envelopes,Tyvek Side-Opening Peel & Seel Expanding Envelopes,361.920013427734
255,US-2016-159982,2016-11-28,2016-12-04,Standard Class,DR-12880,Dan Reichenbach,Corporate,United States,Chicago,Illinois,60623,Central,FUR-FU-10002505,Furniture,Furnishings,Eldon 100 Class Desk Accessories,12.1319999694824
256,US-2016-159982,2016-11-28,2016-12-04,Standard Class,DR-12880,Dan Reichenbach,Corporate,United States,Chicago,Illinois,60623,Central,OFF-ST-10004804,Office Supplies,Storage,"Belkin 19"" Vented Equipment Shelf, Black",82.3679962158203
257,US-2016-159982,2016-11-28,2016-12-04,Standard Class,DR-12880,Dan Reichenbach,Corporate,United States,Chicago,Illinois,60623,Central,OFF-ST-10001590,Office Supplies,Storage,"Tenex Personal Project File with Scoop Front Design, Black",53.9199981689453
258,US-2016-159982,2016-11-28,2016-12-04,Standard Class,DR-12880,Dan Reichenbach,Corporate,United States,Chicago,Illinois,60623,Central,TEC-PH-10001580,Technology,Phones,Logitech Mobile Speakerphone P710e - speaker phone,647.903991699219
259,CA-2018-163139,2018-12-01,2018-12-03,Second Class,CC-12670,Craig Carreira,Consumer,United States,New York City,New York,10009,East,TEC-AC-10000290,Technology,Accessories,Sabrent 4-Port USB 2.0 Hub,20.3700008392334
260,CA-2018-163139,2018-12-01,2018-12-03,Second Class,CC-12670,Craig Carreira,Consumer,United States,New York City,New York,10009,East,OFF-ST-10002790,Office Supplies,Storage,Safco Industrial Shelving,221.550003051758
261,CA-2018-163139,2018-12-01,2018-12-03,Second Class,CC-12670,Craig Carreira,Consumer,United States,New York City,New York,10009,East,OFF-BI-10003460,Office Supplies,Binders,Acco 3-Hole Punch,17.5200004577637
262,US-2018-155299,2018-06-08,2018-06-12,Standard Class,Dl-13600,Dorris liebe,Corporate,United States,Pasadena,Texas,77506,Central,OFF-AP-10002203,Office Supplies,Appliances,Eureka Disposable Bags for Sanitaire Vibra Groomer I Upright Vac,1.62399995326996
263,US-2015-106992,2015-09-19,2015-09-21,Second Class,SB-20290,Sean Braxton,Corporate,United States,Houston,Texas,77036,Central,TEC-MA-10000822,Technology,Machines,Lexmark MX611dhe Monochrome Laser Printer,3059.98193359375
264,US-2015-106992,2015-09-19,2015-09-21,Second Class,SB-20290,Sean Braxton,Corporate,United States,Houston,Texas,77036,Central,TEC-MA-10003353,Technology,Machines,Xerox WorkCentre 6505DN Laser Multifunction Printer,2519.9580078125
265,CA-2017-125318,2017-06-06,2017-06-13,Standard Class,RC-19825,Roy Collins,Consumer,United States,Chicago,Illinois,60610,Central,TEC-PH-10001433,Technology,Phones,Cisco Small Business SPA 502G VoIP phone,328.223999023438
266,CA-2016-155040,2016-11-10,2016-11-15,Standard Class,AH-10210,Alan Hwang,Consumer,United States,Brentwood,California,94513,West,TEC-AC-10004469,Technology,Accessories,Microsoft Sculpt Comfort Mouse,79.9000015258789
267,CA-2018-136826,2018-06-16,2018-06-20,Standard Class,CB-12535,Claudia Bergmann,Corporate,United States,Chapel Hill,North Carolina,27514,South,OFF-AR-10003602,Office Supplies,Art,"Quartet Omega Colored Chalk, 12/Pack",14.0159997940063
268,CA-2017-111010,2017-01-22,2017-01-28,Standard Class,PG-18895,Paul Gonzalez,Consumer,United States,Morristown,New Jersey,7960,East,OFF-FA-10003472,Office Supplies,Fasteners,Bagged Rubber Bands,7.55999994277954
269,US-2018-145366,2018-12-09,2018-12-13,Standard Class,CA-12310,Christine Abelman,Corporate,United States,Cincinnati,Ohio,45231,East,OFF-ST-10004180,Office Supplies,Storage,Safco Commercial Shelving,37.2080001831055
270,US-2018-145366,2018-12-09,2018-12-13,Standard Class,CA-12310,Christine Abelman,Corporate,United States,Cincinnati,Ohio,45231,East,OFF-EN-10004386,Office Supplies,Envelopes,"Recycled Interoffice Envelopes with String and Button Closure, 10 x 13",57.576000213623
271,CA-2018-163979,2018-12-28,2019-01-02,Second Class,KH-16690,Kristen Hastings,Corporate,United States,San Francisco,California,94110,West,OFF-ST-10003208,Office Supplies,Storage,Adjustable Depth Letter/Legal Cart,725.840026855469
272,CA-2016-155334,2016-07-30,2016-07-31,First Class,HA-14920,Helen Andreada,Consumer,United States,San Francisco,California,94109,West,TEC-AC-10003628,Technology,Accessories,Logitech 910-002974 M325 Wireless Mouse for Web Scrolling,209.929992675781
273,CA-2016-155334,2016-07-30,2016-07-31,First Class,HA-14920,Helen Andreada,Consumer,United States,San Francisco,California,94109,West,FUR-FU-10003274,Furniture,Furnishings,Regeneration Desk Collection,5.28000020980835
274,CA-2016-155334,2016-07-30,2016-07-31,First Class,HA-14920,Helen Andreada,Consumer,United States,San Francisco,California,94109,West,OFF-BI-10002557,Office Supplies,Binders,Presstex Flexible Ring Binders,10.9200000762939
275,CA-2018-118136,2018-09-16,2018-09-17,First Class,BB-10990,Barry Blumstein,Corporate,United States,Inglewood,California,90301,West,OFF-PA-10002615,Office Supplies,Paper,"Ampad Gold Fibre Wirebound Steno Books, 6"" x 9"", Gregg Ruled",8.81999969482422
276,CA-2018-118136,2018-09-16,2018-09-17,First Class,BB-10990,Barry Blumstein,Corporate,United States,Inglewood,California,90301,West,OFF-AR-10001427,Office Supplies,Art,Newell 330,5.98000001907349
277,CA-2018-132976,2018-10-13,2018-10-17,Standard Class,AG-10495,Andrew Gjertsen,Corporate,United States,Philadelphia,Pennsylvania,19140,East,OFF-PA-10000673,Office Supplies,Paper,"Post-it “Important Message” Note Pad, Neon Colors, 50 Sheets/Pad",11.6479997634888
278,CA-2018-132976,2018-10-13,2018-10-17,Standard Class,AG-10495,Andrew Gjertsen,Corporate,United States,Philadelphia,Pennsylvania,19140,East,OFF-PA-10004470,Office Supplies,Paper,"Adams Write n' Stick Phone Message Book, 11"" X 5 1/4"", 200 Messages",18.1760005950928
279,CA-2018-132976,2018-10-13,2018-10-17,Standard Class,AG-10495,Andrew Gjertsen,Corporate,United States,Philadelphia,Pennsylvania,19140,East,OFF-ST-10000876,Office Supplies,Storage,Eldon Simplefile Box Office,59.7120018005371
280,CA-2018-132976,2018-10-13,2018-10-17,Standard Class,AG-10495,Andrew Gjertsen,Corporate,United States,Philadelphia,Pennsylvania,19140,East,OFF-LA-10002043,Office Supplies,Labels,Avery 489,24.8400001525879
281,US-2016-161991,2016-09-26,2016-09-28,Second Class,SC-20725,Steven Cartwright,Consumer,United States,Houston,Texas,77070,Central,OFF-BI-10004967,Office Supplies,Binders,Round Ring Binders,2.07999992370605
282,US-2016-161991,2016-09-26,2016-09-28,Second Class,SC-20725,Steven Cartwright,Consumer,United States,Houston,Texas,77070,Central,TEC-PH-10001760,Technology,Phones,Bose SoundLink Bluetooth Speaker,1114.40002441406
283,CA-2016-130890,2016-11-02,2016-11-06,Standard Class,JO-15280,Jas O'Carroll,Consumer,United States,Los Angeles,California,90004,West,FUR-TA-10002903,Furniture,Tables,"Bevis Round Bullnose 29"" High Table Top",1038.83996582031
284,CA-2016-130883,2016-09-26,2016-10-02,Standard Class,TB-21520,Tracy Blumstein,Consumer,United States,Portland,Oregon,97206,West,OFF-PA-10000474,Office Supplies,Paper,Easy-staple paper,141.759994506836
285,CA-2016-130883,2016-09-26,2016-10-02,Standard Class,TB-21520,Tracy Blumstein,Consumer,United States,Portland,Oregon,97206,West,TEC-AC-10001956,Technology,Accessories,Microsoft Arc Touch Mouse,239.800003051758
286,CA-2016-130883,2016-09-26,2016-10-02,Standard Class,TB-21520,Tracy Blumstein,Consumer,United States,Portland,Oregon,97206,West,OFF-PA-10004100,Office Supplies,Paper,Xerox 216,31.1040000915527
287,CA-2017-112697,2017-12-18,2017-12-20,Second Class,AH-10195,Alan Haines,Corporate,United States,Tamarac,Florida,33319,South,OFF-BI-10000778,Office Supplies,Binders,GBC VeloBinder Electric Binding Machine,254.057998657227
288,CA-2017-112697,2017-12-18,2017-12-20,Second Class,AH-10195,Alan Haines,Corporate,United States,Tamarac,Florida,33319,South,OFF-AP-10002684,Office Supplies,Appliances,"Acco 7-Outlet Masterpiece Power Center, Wihtout Fax/Phone Line Protection",194.52799987793
289,CA-2017-112697,2017-12-18,2017-12-20,Second Class,AH-10195,Alan Haines,Corporate,United States,Tamarac,Florida,33319,South,OFF-SU-10000646,Office Supplies,Supplies,Premier Automatic Letter Opener,961.47998046875
290,CA-2017-110772,2017-11-20,2017-11-24,Second Class,NZ-18565,Nick Zandusky,Home Office,United States,Columbus,Ohio,43229,East,OFF-FA-10002983,Office Supplies,Fasteners,Advantus SlideClip Paper Clips,19.0960006713867
291,CA-2017-110772,2017-11-20,2017-11-24,Second Class,NZ-18565,Nick Zandusky,Home Office,United States,Columbus,Ohio,43229,East,OFF-LA-10004689,Office Supplies,Labels,Avery 512,18.496000289917
292,CA-2017-110772,2017-11-20,2017-11-24,Second Class,NZ-18565,Nick Zandusky,Home Office,United States,Columbus,Ohio,43229,East,TEC-AC-10002001,Technology,Accessories,Logitech Wireless Gaming Headset G930,255.983993530273
293,CA-2017-110772,2017-11-20,2017-11-24,Second Class,NZ-18565,Nick Zandusky,Home Office,United States,Columbus,Ohio,43229,East,FUR-BO-10004709,Furniture,Bookcases,"Bush Westfield Collection Bookcases, Medium Cherry Finish",86.9700012207031
294,CA-2015-111451,2015-12-26,2015-12-28,First Class,KL-16555,Kelly Lampkin,Corporate,United States,Colorado Springs,Colorado,80906,West,FUR-FU-10004091,Furniture,Furnishings,"Howard Miller 13"" Diameter Goldtone Round Wall Clock",300.415985107422
295,CA-2015-111451,2015-12-26,2015-12-28,First Class,KL-16555,Kelly Lampkin,Corporate,United States,Colorado Springs,Colorado,80906,West,FUR-CH-10001891,Furniture,Chairs,Global Deluxe Office Fabric Chairs,230.352005004883
296,CA-2015-111451,2015-12-26,2015-12-28,First Class,KL-16555,Kelly Lampkin,Corporate,United States,Colorado Springs,Colorado,80906,West,FUR-FU-10002918,Furniture,Furnishings,Eldon ClusterMat Chair Mat with Cordless Antistatic Protection,218.352005004883
297,CA-2015-111451,2015-12-26,2015-12-28,First Class,KL-16555,Kelly Lampkin,Corporate,United States,Colorado Springs,Colorado,80906,West,OFF-BI-10004593,Office Supplies,Binders,Ibico Laser Imprintable Binding System Covers,78.5999984741211
298,CA-2015-111451,2015-12-26,2015-12-28,First Class,KL-16555,Kelly Lampkin,Corporate,United States,Colorado Springs,Colorado,80906,West,OFF-FA-10004854,Office Supplies,Fasteners,"Vinyl Coated Wire Paper Clips in Organizer Box, 800/Box",27.5520000457764
299,CA-2017-142545,2017-10-28,2017-11-03,Standard Class,JD-15895,Jonathan Doherty,Corporate,United States,Belleville,New Jersey,7109,East,OFF-PA-10002105,Office Supplies,Paper,Xerox 223,32.4000015258789
300,CA-2017-142545,2017-10-28,2017-11-03,Standard Class,JD-15895,Jonathan Doherty,Corporate,United States,Belleville,New Jersey,7109,East,OFF-ST-10002756,Office Supplies,Storage,"Tennsco Stur-D-Stor Boltless Shelving, 5 Shelves, 24"" Deep, Sand",1082.47998046875
301,CA-2017-142545,2017-10-28,2017-11-03,Standard Class,JD-15895,Jonathan Doherty,Corporate,United States,Belleville,New Jersey,7109,East,OFF-PA-10004243,Office Supplies,Paper,Xerox 1939,56.9099998474121
302,CA-2017-142545,2017-10-28,2017-11-03,Standard Class,JD-15895,Jonathan Doherty,Corporate,United States,Belleville,New Jersey,7109,East,FUR-FU-10001861,Furniture,Furnishings,"Floodlight Indoor Halogen Bulbs, 1 Bulb per Pack, 60 Watts",77.5999984741211
303,CA-2017-142545,2017-10-28,2017-11-03,Standard Class,JD-15895,Jonathan Doherty,Corporate,United States,Belleville,New Jersey,7109,East,OFF-BI-10002706,Office Supplies,Binders,Avery Premier Heavy-Duty Binder with Round Locking Rings,14.2799997329712
304,US-2018-152380,2018-11-19,2018-11-23,Standard Class,JH-15910,Jonathan Howell,Consumer,United States,Chicago,Illinois,60623,Central,FUR-TA-10002533,Furniture,Tables,BPI Conference Tables,219.074996948242
305,CA-2016-144253,2016-05-04,2016-05-09,Second Class,AS-10225,Alan Schoenberger,Corporate,United States,New York City,New York,10024,East,FUR-FU-10002671,Furniture,Furnishings,Electrix 20W Halogen Replacement Bulb for Zoom-In Desk Lamp,26.7999992370605
306,CA-2015-130960,2015-12-30,2016-01-04,Standard Class,KB-16600,Ken Brennan,Corporate,United States,Taylor,Michigan,48180,Central,OFF-AR-10003651,Office Supplies,Art,Newell 350,9.84000015258789
307,CA-2015-111003,2015-06-01,2015-06-06,Standard Class,CR-12625,Corey Roper,Home Office,United States,Lakewood,New Jersey,8701,East,OFF-BI-10001072,Office Supplies,Binders,"GBC Clear Cover, 8-1/2 x 11, unpunched, 25 covers per pack",45.4799995422363
308,CA-2015-111003,2015-06-01,2015-06-06,Standard Class,CR-12625,Corey Roper,Home Office,United States,Lakewood,New Jersey,8701,East,OFF-AR-10002135,Office Supplies,Art,Boston Heavy-Duty Trimline Electric Pencil Sharpeners,289.200012207031
309,CA-2018-126774,2018-04-15,2018-04-17,First Class,SH-20395,Shahid Hopkins,Consumer,United States,Arlington,Virginia,22204,South,OFF-AR-10002804,Office Supplies,Art,Faber Castell Col-Erase Pencils,4.8899998664856
310,CA-2017-142902,2017-09-12,2017-09-14,Second Class,BP-11185,Ben Peterman,Corporate,United States,Arvada,Colorado,80004,West,FUR-FU-10001918,Furniture,Furnishings,C-Line Cubicle Keepers Polyproplyene Holder With Velcro Backings,15.1359996795654
311,CA-2017-142902,2017-09-12,2017-09-14,Second Class,BP-11185,Ben Peterman,Corporate,United States,Arvada,Colorado,80004,West,FUR-CH-10004086,Furniture,Chairs,Hon 4070 Series Pagoda Armless Upholstered Stacking Chairs,466.768005371094
312,CA-2017-142902,2017-09-12,2017-09-14,Second Class,BP-11185,Ben Peterman,Corporate,United States,Arvada,Colorado,80004,West,FUR-FU-10001756,Furniture,Furnishings,"Eldon Expressions Desk Accessory, Wood Photo Frame, Mahogany",15.2320003509521
313,CA-2017-142902,2017-09-12,2017-09-14,Second Class,BP-11185,Ben Peterman,Corporate,United States,Arvada,Colorado,80004,West,OFF-LA-10000634,Office Supplies,Labels,Avery 509,6.26399993896484
314,CA-2015-120887,2015-09-27,2015-10-03,Standard Class,TS-21205,Thomas Seio,Corporate,United States,Hackensack,New Jersey,7601,East,FUR-FU-10001588,Furniture,Furnishings,"Deflect-o SuperTray Unbreakable Stackable Tray, Letter, Black",87.5400009155273
315,CA-2015-167850,2015-08-09,2015-08-16,Standard Class,AG-10525,Andy Gerbode,Corporate,United States,Saint Petersburg,Florida,33710,South,TEC-PH-10002398,Technology,Phones,AT&T 1070 Corded Phone,178.384002685547
316,CA-2015-167850,2015-08-09,2015-08-16,Standard Class,AG-10525,Andy Gerbode,Corporate,United States,Saint Petersburg,Florida,33710,South,OFF-PA-10001937,Office Supplies,Paper,Xerox 21,15.5520000457764
317,CA-2015-164259,2015-12-28,2015-12-30,First Class,SP-20860,Sung Pak,Corporate,United States,Philadelphia,Pennsylvania,19143,East,OFF-AR-10003373,Office Supplies,Art,"Boston School Pro Electric Pencil Sharpener, 1670",99.1360015869141
318,CA-2015-164973,2015-11-04,2015-11-09,Standard Class,NM-18445,Nathan Mautz,Home Office,United States,New York City,New York,10024,East,FUR-CH-10002602,Furniture,Chairs,DMI Arturo Collection Mission-style Design Wood Chair,135.88200378418
319,CA-2015-164973,2015-11-04,2015-11-09,Standard Class,NM-18445,Nathan Mautz,Home Office,United States,New York City,New York,10024,East,TEC-MA-10002927,Technology,Machines,Canon imageCLASS MF7460 Monochrome Digital Laser Multifunction Copier,3991.97998046875
320,CA-2015-164973,2015-11-04,2015-11-09,Standard Class,NM-18445,Nathan Mautz,Home Office,United States,New York City,New York,10024,East,TEC-PH-10004093,Technology,Phones,Panasonic Kx-TS550,275.940002441406
321,CA-2015-164973,2015-11-04,2015-11-09,Standard Class,NM-18445,Nathan Mautz,Home Office,United States,New York City,New York,10024,East,TEC-AC-10000892,Technology,Accessories,NETGEAR N750 Dual Band Wi-Fi Gigabit Router,360
322,CA-2015-164973,2015-11-04,2015-11-09,Standard Class,NM-18445,Nathan Mautz,Home Office,United States,New York City,New York,10024,East,OFF-ST-10002974,Office Supplies,Storage,"Trav-L-File Heavy-Duty Shuttle II, Black",43.5699996948242
323,CA-2015-156601,2015-09-19,2015-09-24,Standard Class,FA-14230,Frank Atkinson,Corporate,United States,Long Beach,California,90805,West,OFF-FA-10000624,Office Supplies,Fasteners,OIC Binder Clips,7.15999984741211
324,CA-2017-162138,2017-04-23,2017-04-27,Standard Class,GK-14620,Grace Kelly,Corporate,United States,Hesperia,California,92345,West,OFF-BI-10004593,Office Supplies,Binders,Ibico Laser Imprintable Binding System Covers,251.520004272461
325,CA-2017-162138,2017-04-23,2017-04-27,Standard Class,GK-14620,Grace Kelly,Corporate,United States,Hesperia,California,92345,West,TEC-AC-10001908,Technology,Accessories,Logitech Wireless Headset h800,99.9899978637695
326,CA-2018-153339,2018-11-03,2018-11-05,Second Class,DJ-13510,Don Jones,Corporate,United States,Murfreesboro,Tennessee,37130,South,FUR-FU-10001967,Furniture,Furnishings,Telescoping Adjustable Floor Lamp,15.9919996261597
327,US-2017-141544,2017-08-30,2017-09-01,First Class,PO-18850,Patrick O'Brill,Consumer,United States,Philadelphia,Pennsylvania,19143,East,TEC-PH-10003645,Technology,Phones,Aastra 57i VoIP phone,290.898010253906
328,US-2017-141544,2017-08-30,2017-09-01,First Class,PO-18850,Patrick O'Brill,Consumer,United States,Philadelphia,Pennsylvania,19143,East,OFF-ST-10000675,Office Supplies,Storage,"File Shuttle II and Handi-File, Black",54.2239990234375
329,US-2017-141544,2017-08-30,2017-09-01,First Class,PO-18850,Patrick O'Brill,Consumer,United States,Philadelphia,Pennsylvania,19143,East,FUR-CH-10003312,Furniture,Chairs,Hon 2090 “Pillow Soft” Series Mid Back Swivel/Tilt Chairs,786.744018554688
330,US-2017-141544,2017-08-30,2017-09-01,First Class,PO-18850,Patrick O'Brill,Consumer,United States,Philadelphia,Pennsylvania,19143,East,OFF-LA-10001074,Office Supplies,Labels,Round Specialty Laser Printer Labels,100.23999786377
331,US-2017-141544,2017-08-30,2017-09-01,First Class,PO-18850,Patrick O'Brill,Consumer,United States,Philadelphia,Pennsylvania,19143,East,OFF-BI-10001524,Office Supplies,Binders,GBC Premium Transparent Covers with Diagonal Lined Pattern,37.7639999389648
332,US-2017-150147,2017-04-25,2017-04-29,Second Class,JL-15850,John Lucas,Consumer,United States,Philadelphia,Pennsylvania,19134,East,TEC-PH-10004614,Technology,Phones,AT&T 841000 Phone,82.8000030517578
333,US-2017-150147,2017-04-25,2017-04-29,Second Class,JL-15850,John Lucas,Consumer,United States,Philadelphia,Pennsylvania,19134,East,OFF-BI-10001153,Office Supplies,Binders,Ibico Recycled Grain-Textured Covers,20.7240009307861
334,US-2017-150147,2017-04-25,2017-04-29,Second Class,JL-15850,John Lucas,Consumer,United States,Philadelphia,Pennsylvania,19134,East,OFF-BI-10001982,Office Supplies,Binders,Wilson Jones Custom Binder Spines & Labels,4.89599990844727
335,CA-2016-137946,2016-09-01,2016-09-04,Second Class,DB-13615,Doug Bickford,Consumer,United States,Los Angeles,California,90045,West,OFF-BI-10001922,Office Supplies,Binders,Storex Dura Pro Binders,4.7519998550415
336,CA-2016-137946,2016-09-01,2016-09-04,Second Class,DB-13615,Doug Bickford,Consumer,United States,Los Angeles,California,90045,West,TEC-CO-10001449,Technology,Copiers,Hewlett Packard LaserJet 3310 Copier,959.984008789063
337,CA-2016-137946,2016-09-01,2016-09-04,Second Class,DB-13615,Doug Bickford,Consumer,United States,Los Angeles,California,90045,West,OFF-BI-10004140,Office Supplies,Binders,Avery Non-Stick Binders,14.3680000305176
338,CA-2015-129924,2015-07-12,2015-07-17,Standard Class,AC-10420,Alyssa Crouse,Corporate,United States,San Francisco,California,94122,West,OFF-BI-10003314,Office Supplies,Binders,Tuff Stuff Recycled Round Ring Binders,7.71199989318848
339,CA-2015-129924,2015-07-12,2015-07-17,Standard Class,AC-10420,Alyssa Crouse,Corporate,United States,San Francisco,California,94122,West,FUR-TA-10004575,Furniture,Tables,Hon 5100 Series Wood Tables,698.351989746094
340,CA-2016-128167,2016-06-22,2016-06-26,Second Class,KL-16645,Ken Lonsdale,Consumer,United States,Layton,Utah,84041,West,OFF-FA-10000490,Office Supplies,Fasteners,"OIC Binder Clips, Mini, 1/4"" Capacity, Black",4.96000003814697
341,CA-2015-122336,2015-04-13,2015-04-17,Second Class,JD-15895,Jonathan Doherty,Corporate,United States,Philadelphia,Pennsylvania,19140,East,OFF-AR-10000122,Office Supplies,Art,Newell 314,17.8560009002686
342,CA-2015-122336,2015-04-13,2015-04-17,Second Class,JD-15895,Jonathan Doherty,Corporate,United States,Philadelphia,Pennsylvania,19140,East,OFF-BI-10003656,Office Supplies,Binders,Fellowes PB200 Plastic Comb Binding Machine,509.970001220703
343,CA-2015-122336,2015-04-13,2015-04-17,Second Class,JD-15895,Jonathan Doherty,Corporate,United States,Philadelphia,Pennsylvania,19140,East,OFF-FA-10002780,Office Supplies,Fasteners,Staples,30.992000579834
344,CA-2015-122336,2015-04-13,2015-04-17,Second Class,JD-15895,Jonathan Doherty,Corporate,United States,Philadelphia,Pennsylvania,19140,East,TEC-PH-10000702,Technology,Phones,"Square Credit Card Reader, 4 1/2"" x 4 1/2"" x 1"", White",71.9280014038086
345,US-2016-120712,2016-12-20,2016-12-24,Standard Class,CS-12130,Chad Sievert,Consumer,United States,Austin,Texas,78745,Central,OFF-ST-10000107,Office Supplies,Storage,Fellowes Super Stor/Drawer,88.8000030517578
346,CA-2018-169901,2018-06-15,2018-06-19,Standard Class,CC-12550,Clay Cheatham,Consumer,United States,San Francisco,California,94122,West,TEC-PH-10002293,Technology,Phones,Anker 36W 4-Port USB Wall Charger Travel Power Adapter for iPhone 5s 5c 5,47.976001739502
347,CA-2018-134306,2018-07-08,2018-07-12,Standard Class,TD-20995,Tamara Dahlen,Consumer,United States,Lowell,Massachusetts,1852,East,OFF-AR-10004027,Office Supplies,Art,"Binney & Smith inkTank Erasable Desk Highlighter, Chisel Tip, Yellow, 12/Box",7.55999994277954
348,CA-2018-134306,2018-07-08,2018-07-12,Standard Class,TD-20995,Tamara Dahlen,Consumer,United States,Lowell,Massachusetts,1852,East,OFF-PA-10000249,Office Supplies,Paper,Easy-staple paper,24.5599994659424
349,CA-2018-134306,2018-07-08,2018-07-12,Standard Class,TD-20995,Tamara Dahlen,Consumer,United States,Lowell,Massachusetts,1852,East,OFF-AR-10001374,Office Supplies,Art,"BIC Brite Liner Highlighters, Chisel Tip",12.960000038147
350,CA-2017-129714,2017-09-01,2017-09-03,First Class,AB-10060,Adam Bellavance,Home Office,United States,New York City,New York,10009,East,TEC-AC-10000290,Technology,Accessories,Sabrent 4-Port USB 2.0 Hub,6.78999996185303
351,CA-2017-129714,2017-09-01,2017-09-03,First Class,AB-10060,Adam Bellavance,Home Office,United States,New York City,New York,10009,East,OFF-PA-10001970,Office Supplies,Paper,Xerox 1881,24.5599994659424
352,CA-2017-129714,2017-09-01,2017-09-03,First Class,AB-10060,Adam Bellavance,Home Office,United States,New York City,New York,10009,East,OFF-BI-10002160,Office Supplies,Binders,Acco Hanging Data Binders,3.04800009727478
353,CA-2017-129714,2017-09-01,2017-09-03,First Class,AB-10060,Adam Bellavance,Home Office,United States,New York City,New York,10009,East,OFF-PA-10001970,Office Supplies,Paper,Xerox 1881,49.1199989318848
354,CA-2017-129714,2017-09-01,2017-09-03,First Class,AB-10060,Adam Bellavance,Home Office,United States,New York City,New York,10009,East,OFF-BI-10004995,Office Supplies,Binders,GBC DocuBind P400 Electric Binding System,4355.16796875
355,CA-2017-138520,2017-04-08,2017-04-13,Standard Class,JL-15505,Jeremy Lonsdale,Consumer,United States,New York City,New York,10035,East,FUR-BO-10002268,Furniture,Bookcases,Sauder Barrister Bookcases,388.704010009766
356,CA-2017-138520,2017-04-08,2017-04-13,Standard Class,JL-15505,Jeremy Lonsdale,Consumer,United States,New York City,New York,10035,East,OFF-EN-10001137,Office Supplies,Envelopes,"#10 Gummed Flap White Envelopes, 100/Box",8.26000022888184
357,CA-2017-138520,2017-04-08,2017-04-13,Standard Class,JL-15505,Jeremy Lonsdale,Consumer,United States,New York City,New York,10035,East,OFF-AR-10002399,Office Supplies,Art,"Dixon Prang Watercolor Pencils, 10-Color Set with Brush",17.0400009155273
358,CA-2017-138520,2017-04-08,2017-04-13,Standard Class,JL-15505,Jeremy Lonsdale,Consumer,United States,New York City,New York,10035,East,OFF-PA-10002713,Office Supplies,Paper,"Adams Phone Message Book, 200 Message Capacity, 8 1/16” x 11”",34.4000015258789
359,CA-2017-130001,2017-04-23,2017-04-28,Standard Class,HK-14890,Heather Kirkland,Corporate,United States,Charlotte,North Carolina,28205,South,OFF-PA-10002666,Office Supplies,Paper,Southworth 25% Cotton Linen-Finish Paper & Envelopes,36.2400016784668
360,CA-2018-155698,2018-03-08,2018-03-11,First Class,VB-21745,Victoria Brennan,Corporate,United States,Columbus,Georgia,31907,South,OFF-AP-10001124,Office Supplies,Appliances,Belkin 8 Outlet SurgeMaster II Gold Surge Protector with Phone Protection,647.840026855469
361,CA-2018-155698,2018-03-08,2018-03-11,First Class,VB-21745,Victoria Brennan,Corporate,United States,Columbus,Georgia,31907,South,OFF-LA-10001158,Office Supplies,Labels,"Avery Address/Shipping Labels for Typewriters, 4"" x 2""",20.7000007629395
362,CA-2018-144904,2018-09-25,2018-10-01,Standard Class,KW-16435,Katrina Willman,Consumer,United States,New York City,New York,10009,East,OFF-LA-10001158,Office Supplies,Labels,"Avery Address/Shipping Labels for Typewriters, 4"" x 2""",20.7000007629395
363,CA-2018-144904,2018-09-25,2018-10-01,Standard Class,KW-16435,Katrina Willman,Consumer,United States,New York City,New York,10009,East,FUR-CH-10000785,Furniture,Chairs,Global Ergonomic Managers Chair,488.64599609375
364,CA-2018-144904,2018-09-25,2018-10-01,Standard Class,KW-16435,Katrina Willman,Consumer,United States,New York City,New York,10009,East,OFF-AR-10003732,Office Supplies,Art,Newell 333,5.55999994277954
365,CA-2018-144904,2018-09-25,2018-10-01,Standard Class,KW-16435,Katrina Willman,Consumer,United States,New York City,New York,10009,East,FUR-FU-10000023,Furniture,Furnishings,Eldon Wave Desk Accessories,47.1199989318848
366,CA-2015-123344,2015-09-24,2015-09-29,Standard Class,JD-16060,Julia Dunbar,Consumer,United States,San Francisco,California,94109,West,OFF-ST-10001713,Office Supplies,Storage,"Gould Plastics 9-Pocket Panel Bin, 18-3/8w x 5-1/4d x 20-1/2h, Black",211.960006713867
367,CA-2017-155516,2017-10-21,2017-10-21,Same Day,MK-17905,Michael Kennedy,Corporate,United States,Manchester,Connecticut,6040,East,OFF-BI-10002412,Office Supplies,Binders,Wilson Jones “Snap” Scratch Pad Binder Tool for Ring Binders,23.2000007629395
368,CA-2017-155516,2017-10-21,2017-10-21,Same Day,MK-17905,Michael Kennedy,Corporate,United States,Manchester,Connecticut,6040,East,OFF-SU-10001225,Office Supplies,Supplies,Staple remover,7.3600001335144
369,CA-2017-155516,2017-10-21,2017-10-21,Same Day,MK-17905,Michael Kennedy,Corporate,United States,Manchester,Connecticut,6040,East,OFF-ST-10002406,Office Supplies,Storage,Pizazz Global Quick File,104.790000915527
370,CA-2017-155516,2017-10-21,2017-10-21,Same Day,MK-17905,Michael Kennedy,Corporate,United States,Manchester,Connecticut,6040,East,FUR-BO-10002545,Furniture,Bookcases,"Atlantic Metals Mobile 3-Shelf Bookcases, Custom Colors",1043.92004394531
371,CA-2018-104745,2018-05-29,2018-06-04,Standard Class,GT-14755,Guy Thornton,Consumer,United States,Harlingen,Texas,78550,Central,OFF-PA-10002036,Office Supplies,Paper,Xerox 1930,25.9200000762939
372,CA-2018-104745,2018-05-29,2018-06-04,Standard Class,GT-14755,Guy Thornton,Consumer,United States,Harlingen,Texas,78550,Central,OFF-ST-10002205,Office Supplies,Storage,File Shuttle I and Handi-File,53.423999786377
373,US-2015-119137,2015-07-23,2015-07-27,Standard Class,AG-10900,Arthur Gainer,Consumer,United States,Tucson,Arizona,85705,West,OFF-BI-10001982,Office Supplies,Binders,Wilson Jones Custom Binder Spines & Labels,8.15999984741211
374,US-2015-119137,2015-07-23,2015-07-27,Standard Class,AG-10900,Arthur Gainer,Consumer,United States,Tucson,Arizona,85705,West,TEC-AC-10003911,Technology,Accessories,NETGEAR AC1750 Dual Band Gigabit Smart WiFi Router,1023.93597412109
375,US-2015-119137,2015-07-23,2015-07-27,Standard Class,AG-10900,Arthur Gainer,Consumer,United States,Tucson,Arizona,85705,West,OFF-AR-10000658,Office Supplies,Art,Newell 324,9.23999977111816
376,US-2015-119137,2015-07-23,2015-07-27,Standard Class,AG-10900,Arthur Gainer,Consumer,United States,Tucson,Arizona,85705,West,TEC-AC-10002076,Technology,Accessories,Microsoft Natural Keyboard Elite,479.040008544922
377,US-2017-134656,2017-09-28,2017-10-01,First Class,MM-18280,Muhammed MacIntyre,Corporate,United States,Quincy,Illinois,62301,Central,OFF-PA-10003039,Office Supplies,Paper,Xerox 1960,99.1360015869141
378,US-2018-134481,2018-08-27,2018-09-01,Standard Class,AR-10405,Allen Rosenblatt,Corporate,United States,Franklin,Massachusetts,2038,East,FUR-TA-10004915,Furniture,Tables,"Office Impressions End Table, 20-1/2""H x 24""W x 20""D",1488.42395019531
379,CA-2016-130792,2016-04-28,2016-05-05,Standard Class,RA-19915,Russell Applegate,Consumer,United States,Houston,Texas,77095,Central,OFF-AP-10000696,Office Supplies,Appliances,Holmes Odor Grabber,8.65200042724609
380,CA-2016-130792,2016-04-28,2016-05-05,Standard Class,RA-19915,Russell Applegate,Consumer,United States,Houston,Texas,77095,Central,OFF-ST-10003327,Office Supplies,Storage,Akro-Mils 12-Gallon Tote,23.8320007324219
381,CA-2016-130792,2016-04-28,2016-05-05,Standard Class,RA-19915,Russell Applegate,Consumer,United States,Houston,Texas,77095,Central,OFF-BI-10000309,Office Supplies,Binders,"GBC Twin Loop Wire Binding Elements, 9/16"" Spine, Black",12.1759996414185
382,CA-2017-134775,2017-10-28,2017-10-29,First Class,AS-10285,Alejandro Savely,Corporate,United States,San Francisco,California,94109,West,OFF-PA-10004734,Office Supplies,Paper,Southworth Structures Collection,50.9599990844727
383,CA-2017-134775,2017-10-28,2017-10-29,First Class,AS-10285,Alejandro Savely,Corporate,United States,San Francisco,California,94109,West,OFF-BI-10002225,Office Supplies,Binders,"Square Ring Data Binders, Rigid 75 Pt. Covers, 11"" x 14-7/8""",49.5359992980957
384,CA-2016-125395,2016-06-26,2016-06-29,Second Class,LA-16780,Laura Armstrong,Corporate,United States,Taylor,Michigan,48180,Central,TEC-AC-10004708,Technology,Accessories,Sony 32GB Class 10 Micro SDHC R40 Memory Card,41.9000015258789
385,US-2016-168935,2016-11-27,2016-12-02,Standard Class,DO-13435,Denny Ordway,Consumer,United States,Pembroke Pines,Florida,33024,South,FUR-TA-10000617,Furniture,Tables,"Hon Practical Foundations 30 x 60 Training Table, Light Gray/Charcoal",375.457489013672
386,US-2016-168935,2016-11-27,2016-12-02,Standard Class,DO-13435,Denny Ordway,Consumer,United States,Pembroke Pines,Florida,33024,South,TEC-AC-10002335,Technology,Accessories,Logitech Media Keyboard K200,83.9759979248047
387,CA-2016-122756,2016-12-03,2016-12-07,Standard Class,DK-13225,Dean Katz,Corporate,United States,Philadelphia,Pennsylvania,19140,East,TEC-MA-10001681,Technology,Machines,Lexmark MarkNet N8150 Wireless Print Server,482.339996337891
388,CA-2016-122756,2016-12-03,2016-12-07,Standard Class,DK-13225,Dean Katz,Corporate,United States,Philadelphia,Pennsylvania,19140,East,FUR-FU-10001935,Furniture,Furnishings,3M Hangers With Command Adhesive,2.96000003814697
389,CA-2015-115973,2015-11-24,2015-11-26,First Class,NG-18430,Nathan Gelder,Consumer,United States,Cincinnati,Ohio,45231,East,OFF-AR-10004757,Office Supplies,Art,Crayola Colored Pencils,2.62400007247925
390,CA-2018-101798,2018-12-11,2018-12-15,Standard Class,MV-18190,Mike Vittorini,Consumer,United States,New York City,New York,10009,East,OFF-BI-10000050,Office Supplies,Binders,"Angle-D Binders with Locking Rings, Label Holders",23.3600006103516
391,CA-2018-101798,2018-12-11,2018-12-15,Standard Class,MV-18190,Mike Vittorini,Consumer,United States,New York City,New York,10009,East,TEC-AC-10001998,Technology,Accessories,Logitech LS21 Speaker System - PC Multimedia - 2.1-CH - Wired,39.9799995422363
392,US-2015-135972,2015-09-21,2015-09-23,Second Class,JG-15115,Jack Garza,Consumer,United States,Des Moines,Washington,98198,West,TEC-PH-10003012,Technology,Phones,Nortel Meridian M3904 Professional Digital phone,246.384002685547
393,US-2015-135972,2015-09-21,2015-09-23,Second Class,JG-15115,Jack Garza,Consumer,United States,Des Moines,Washington,98198,West,TEC-CO-10002313,Technology,Copiers,Canon PC1080F Personal Copier,1799.96997070313
394,US-2015-134971,2015-06-07,2015-06-10,Second Class,BP-11095,Bart Pistole,Corporate,United States,Peoria,Illinois,61604,Central,OFF-BI-10003982,Office Supplies,Binders,Wilson Jones Century Plastic Molded Ring Binders,12.4619998931885
395,CA-2018-102946,2018-06-30,2018-07-05,Standard Class,VP-21730,Victor Preis,Home Office,United States,Las Vegas,Nevada,89115,West,OFF-BI-10004492,Office Supplies,Binders,Tuf-Vin Binders,75.7919998168945
396,CA-2018-165603,2018-10-17,2018-10-19,Second Class,SS-20140,Saphhira Shifley,Corporate,United States,Warwick,Rhode Island,2886,East,OFF-ST-10000798,Office Supplies,Storage,2300 Heavy-Duty Transfer File Systems by Perma,49.9599990844727
397,CA-2018-165603,2018-10-17,2018-10-19,Second Class,SS-20140,Saphhira Shifley,Corporate,United States,Warwick,Rhode Island,2886,East,OFF-PA-10002552,Office Supplies,Paper,Xerox 1958,12.960000038147
398,CA-2016-122259,2016-10-31,2016-11-04,Standard Class,HP-14815,Harold Pawlan,Home Office,United States,Jackson,Michigan,49201,Central,OFF-SU-10002573,Office Supplies,Supplies,"Acme 10"" Easy Grip Assistive Scissors",70.120002746582
399,CA-2017-108987,2017-09-08,2017-09-10,Second Class,AG-10675,Anna Gayman,Consumer,United States,Houston,Texas,77036,Central,OFF-ST-10001580,Office Supplies,Storage,Super Decoflex Portable Personal File,35.9519996643066
400,CA-2017-108987,2017-09-08,2017-09-10,Second Class,AG-10675,Anna Gayman,Consumer,United States,Houston,Texas,77036,Central,FUR-BO-10004834,Furniture,Bookcases,"Riverside Palais Royal Lawyers Bookcase, Royale Cherry Finish",2396.265625
401,CA-2017-108987,2017-09-08,2017-09-10,Second Class,AG-10675,Anna Gayman,Consumer,United States,Houston,Texas,77036,Central,OFF-ST-10000934,Office Supplies,Storage,"Contico 72""H Heavy-Duty Storage System",131.136001586914
402,CA-2017-108987,2017-09-08,2017-09-10,Second Class,AG-10675,Anna Gayman,Consumer,United States,Houston,Texas,77036,Central,TEC-AC-10000158,Technology,Accessories,Sony 64GB Class 10 Micro SDHC R40 Memory Card,57.5839996337891
403,CA-2015-113166,2015-12-24,2015-12-26,First Class,LF-17185,Luke Foster,Consumer,United States,Miami,Florida,33180,South,OFF-PA-10001947,Office Supplies,Paper,Xerox 1974,9.56799983978271
404,CA-2015-155208,2015-04-16,2015-04-20,Standard Class,SP-20650,Stephanie Phelps,Corporate,United States,Wilmington,North Carolina,28403,South,OFF-AR-10003478,Office Supplies,Art,"Avery Hi-Liter EverBold Pen Style Fluorescent Highlighters, 4/Pack",39.0719985961914
405,CA-2018-117933,2018-12-24,2018-12-29,Standard Class,RF-19840,Roy Französisch,Consumer,United States,New York City,New York,10024,East,OFF-AP-10004249,Office Supplies,Appliances,Staple holder,35.9099998474121
406,CA-2018-117457,2018-12-08,2018-12-12,Standard Class,KH-16510,Keith Herrera,Consumer,United States,San Francisco,California,94110,West,TEC-AC-10000158,Technology,Accessories,Sony 64GB Class 10 Micro SDHC R40 Memory Card,179.949996948242
407,CA-2018-117457,2018-12-08,2018-12-12,Standard Class,KH-16510,Keith Herrera,Consumer,United States,San Francisco,California,94110,West,TEC-CO-10004115,Technology,Copiers,Sharp AL-1530CS Digital Copier,1199.97595214844
408,CA-2018-117457,2018-12-08,2018-12-12,Standard Class,KH-16510,Keith Herrera,Consumer,United States,San Francisco,California,94110,West,OFF-PA-10003724,Office Supplies,Paper,"Wirebound Message Book, 4 per Page",27.1499996185303
409,CA-2018-117457,2018-12-08,2018-12-12,Standard Class,KH-16510,Keith Herrera,Consumer,United States,San Francisco,California,94110,West,FUR-TA-10002041,Furniture,Tables,"Bevis Round Conference Table Top, X-Base",1004.02398681641
410,CA-2018-117457,2018-12-08,2018-12-12,Standard Class,KH-16510,Keith Herrera,Consumer,United States,San Francisco,California,94110,West,OFF-PA-10002893,Office Supplies,Paper,"Wirebound Service Call Books, 5 1/2"" x 4""",9.68000030517578
411,CA-2018-117457,2018-12-08,2018-12-12,Standard Class,KH-16510,Keith Herrera,Consumer,United States,San Francisco,California,94110,West,OFF-LA-10003766,Office Supplies,Labels,Self-Adhesive Removable Labels,28.3500003814697
412,CA-2018-117457,2018-12-08,2018-12-12,Standard Class,KH-16510,Keith Herrera,Consumer,United States,San Francisco,California,94110,West,OFF-PA-10001970,Office Supplies,Paper,Xerox 1908,55.9799995422363
413,CA-2018-117457,2018-12-08,2018-12-12,Standard Class,KH-16510,Keith Herrera,Consumer,United States,San Francisco,California,94110,West,FUR-BO-10001972,Furniture,Bookcases,O'Sullivan 4-Shelf Bookcase in Odessa Pine,1336.82897949219
414,CA-2018-117457,2018-12-08,2018-12-12,Standard Class,KH-16510,Keith Herrera,Consumer,United States,San Francisco,California,94110,West,FUR-CH-10003956,Furniture,Chairs,Novimex High-Tech Fabric Mesh Task Chair,113.568000793457
415,CA-2018-142636,2018-11-03,2018-11-07,Standard Class,KC-16675,Kimberly Carter,Corporate,United States,Seattle,Washington,98105,West,OFF-PA-10000157,Office Supplies,Paper,Xerox 191,139.860000610352
416,CA-2018-142636,2018-11-03,2018-11-07,Standard Class,KC-16675,Kimberly Carter,Corporate,United States,Seattle,Washington,98105,West,FUR-CH-10001891,Furniture,Chairs,Global Deluxe Office Fabric Chairs,307.135986328125
417,CA-2018-122105,2018-06-24,2018-06-28,Standard Class,CJ-12010,Caroline Jumper,Consumer,United States,Huntington Beach,California,92646,West,OFF-AR-10004344,Office Supplies,Art,Bulldog Vacuum Base Pencil Sharpener,95.9199981689453
418,CA-2017-148796,2017-04-14,2017-04-18,Standard Class,PB-19150,Philip Brown,Consumer,United States,Los Angeles,California,90004,West,FUR-CH-10004886,Furniture,Chairs,Bevis Steel Folding Chairs,383.799987792969
419,CA-2018-154816,2018-11-06,2018-11-10,Standard Class,VB-21745,Victoria Brennan,Corporate,United States,Richmond,Kentucky,40475,South,OFF-PA-10003845,Office Supplies,Paper,Xerox 1987,5.78000020980835
420,CA-2018-110478,2018-03-04,2018-03-09,Standard Class,SP-20860,Sung Pak,Corporate,United States,Los Angeles,California,90045,West,OFF-AR-10001573,Office Supplies,Art,American Pencil,9.31999969482422
421,CA-2018-110478,2018-03-04,2018-03-09,Standard Class,SP-20860,Sung Pak,Corporate,United States,Los Angeles,California,90045,West,OFF-EN-10000483,Office Supplies,Envelopes,"White Envelopes, White Envelopes with Clear Poly Window",15.25
422,CA-2015-142048,2015-06-22,2015-06-25,First Class,JE-15745,Joel Eaton,Consumer,United States,Louisville,Colorado,80027,West,TEC-AC-10004114,Technology,Accessories,KeyTronic 6101 Series - Keyboard - Black,196.751998901367
423,CA-2018-125388,2018-10-19,2018-10-23,Standard Class,MP-17965,Michael Paige,Corporate,United States,Lawrence,Massachusetts,1841,East,FUR-FU-10004712,Furniture,Furnishings,"Westinghouse Mesh Shade Clip-On Gooseneck Lamp, Black",56.560001373291
424,CA-2018-125388,2018-10-19,2018-10-23,Standard Class,MP-17965,Michael Paige,Corporate,United States,Lawrence,Massachusetts,1841,East,OFF-ST-10000918,Office Supplies,Storage,Crate-A-Files,32.7000007629395
425,CA-2018-155705,2018-08-21,2018-08-23,Second Class,NF-18385,Natalie Fritzler,Consumer,United States,Jackson,Mississippi,39212,South,FUR-CH-10000015,Furniture,Chairs,Hon Multipurpose Stacking Arm Chairs,866.400024414063
426,CA-2018-149160,2018-11-23,2018-11-26,Second Class,JM-15265,Janet Molinari,Corporate,United States,Canton,Michigan,48187,Central,FUR-FU-10003347,Furniture,Furnishings,Coloredge Poster Frame,28.3999996185303
427,CA-2018-149160,2018-11-23,2018-11-26,Second Class,JM-15265,Janet Molinari,Corporate,United States,Canton,Michigan,48187,Central,OFF-BI-10001543,Office Supplies,Binders,GBC VeloBinder Manual Binding System,287.920013427734
428,CA-2015-101476,2015-09-12,2015-09-13,First Class,SD-20485,Shirley Daniels,Home Office,United States,New Rochelle,New York,10801,East,TEC-MA-10000029,Technology,Machines,"Epson WorkForce WF-2530 All-in-One Printer, Copier Scanner",69.9899978637695
429,CA-2018-152275,2018-10-01,2018-10-08,Standard Class,KH-16630,Ken Heidel,Corporate,United States,San Antonio,Texas,78207,Central,OFF-AR-10000369,Office Supplies,Art,Design Ebony Sketching Pencil,6.67199993133545
430,US-2017-123750,2017-04-15,2017-04-21,Standard Class,RB-19795,Ross Baird,Home Office,United States,Gastonia,North Carolina,28052,South,OFF-BI-10004584,Office Supplies,Binders,GBC ProClick 150 Presentation Binding System,189.587997436523
431,US-2017-123750,2017-04-15,2017-04-21,Standard Class,RB-19795,Ross Baird,Home Office,United States,Gastonia,North Carolina,28052,South,TEC-AC-10004659,Technology,Accessories,Imation Secure+ Hardware Encrypted USB 2.0 Flash Drive; 16GB,408.743988037109
432,US-2017-123750,2017-04-15,2017-04-21,Standard Class,RB-19795,Ross Baird,Home Office,United States,Gastonia,North Carolina,28052,South,TEC-AC-10004659,Technology,Accessories,Imation Secure+ Hardware Encrypted USB 2.0 Flash Drive; 16GB,291.959991455078
433,US-2017-123750,2017-04-15,2017-04-21,Standard Class,RB-19795,Ross Baird,Home Office,United States,Gastonia,North Carolina,28052,South,OFF-ST-10000617,Office Supplies,Storage,Woodgrain Magazine Files by Perma,4.76800012588501
434,CA-2017-127369,2017-06-06,2017-06-07,First Class,DB-13060,Dave Brooks,Consumer,United States,Lowell,Massachusetts,1852,East,OFF-ST-10003306,Office Supplies,Storage,Letter Size Cart,714.299987792969
435,US-2015-150574,2015-12-19,2015-12-25,Standard Class,MK-18160,Mike Kennedy,Consumer,United States,Jacksonville,Florida,32216,South,OFF-BI-10000773,Office Supplies,Binders,Insertable Tab Post Binder Dividers,4.81199979782104
436,US-2015-150574,2015-12-19,2015-12-25,Standard Class,MK-18160,Mike Kennedy,Consumer,United States,Jacksonville,Florida,32216,South,TEC-AC-10002600,Technology,Accessories,Belkin QODE FastFit Bluetooth Keyboard,247.800003051758
437,CA-2017-147375,2017-06-12,2017-06-14,Second Class,PO-19180,Philisse Overcash,Home Office,United States,Chicago,Illinois,60623,Central,TEC-MA-10002937,Technology,Machines,"Canon Color ImageCLASS MF8580Cdw Wireless Laser All-In-One Printer, Copier, Scanner",1007.97900390625
438,CA-2017-147375,2017-06-12,2017-06-14,Second Class,PO-19180,Philisse Overcash,Home Office,United States,Chicago,Illinois,60623,Central,OFF-PA-10001970,Office Supplies,Paper,Xerox 1908,313.488006591797
439,CA-2018-130043,2018-09-15,2018-09-19,Standard Class,BB-11545,Brenda Bowman,Corporate,United States,Houston,Texas,77070,Central,OFF-PA-10002230,Office Supplies,Paper,Xerox 1897,31.8719997406006
440,CA-2018-157252,2018-01-20,2018-01-23,Second Class,CV-12805,Cynthia Voltz,Corporate,United States,New York City,New York,10024,East,FUR-CH-10003396,Furniture,Chairs,Global Deluxe Steno Chair,207.845993041992
441,CA-2017-115756,2017-09-05,2017-09-07,Second Class,PK-19075,Pete Kriz,Consumer,United States,Detroit,Michigan,48227,Central,FUR-FU-10000246,Furniture,Furnishings,Aluminum Document Frame,12.2200002670288
442,CA-2017-115756,2017-09-05,2017-09-07,Second Class,PK-19075,Pete Kriz,Consumer,United States,Detroit,Michigan,48227,Central,OFF-ST-10000060,Office Supplies,Storage,Fellowes Bankers Box Staxonsteel Drawer File/Stacking System,194.940002441406
443,CA-2017-115756,2017-09-05,2017-09-07,Second Class,PK-19075,Pete Kriz,Consumer,United States,Detroit,Michigan,48227,Central,OFF-ST-10003058,Office Supplies,Storage,Eldon Mobile Mega Data Cart  Mega Stackable  Add-On Trays,70.9499969482422
444,CA-2017-115756,2017-09-05,2017-09-07,Second Class,PK-19075,Pete Kriz,Consumer,United States,Detroit,Michigan,48227,Central,OFF-PA-10002222,Office Supplies,Paper,"Xerox Color Copier Paper, 11"" x 17"", Ream",91.3600006103516
445,CA-2017-115756,2017-09-05,2017-09-07,Second Class,PK-19075,Pete Kriz,Consumer,United States,Detroit,Michigan,48227,Central,FUR-CH-10002372,Furniture,Chairs,Office Star - Ergonomically Designed Knee Chair,242.940002441406
446,CA-2017-115756,2017-09-05,2017-09-07,Second Class,PK-19075,Pete Kriz,Consumer,United States,Detroit,Michigan,48227,Central,OFF-LA-10001317,Office Supplies,Labels,Avery 520,22.0499992370605
447,CA-2018-154214,2018-03-20,2018-03-25,Second Class,TB-21595,Troy Blackwell,Consumer,United States,Columbus,Indiana,47201,Central,FUR-FU-10000206,Furniture,Furnishings,"GE General Purpose, Extra Long Life, Showcase & Floodlight Incandescent Bulbs",2.91000008583069
448,CA-2017-166674,2017-04-01,2017-04-03,Second Class,RB-19360,Raymond Buch,Consumer,United States,Auburn,New York,13021,East,OFF-AR-10000588,Office Supplies,Art,Newell 345,59.5200004577637
449,CA-2017-166674,2017-04-01,2017-04-03,Second Class,RB-19360,Raymond Buch,Consumer,United States,Auburn,New York,13021,East,OFF-ST-10001469,Office Supplies,Storage,Fellowes Bankers Box Recycled Super Stor/Drawer,161.940002441406
450,CA-2017-166674,2017-04-01,2017-04-03,Second Class,RB-19360,Raymond Buch,Consumer,United States,Auburn,New York,13021,East,OFF-AR-10001953,Office Supplies,Art,Boston 1645 Deluxe Heavier-Duty Electric Pencil Sharpener,263.880004882813
451,CA-2017-166674,2017-04-01,2017-04-03,Second Class,RB-19360,Raymond Buch,Consumer,United States,Auburn,New York,13021,East,OFF-AR-10003156,Office Supplies,Art,50 Colored Long Pencils,30.4799995422363
452,CA-2017-166674,2017-04-01,2017-04-03,Second Class,RB-19360,Raymond Buch,Consumer,United States,Auburn,New York,13021,East,OFF-AR-10004974,Office Supplies,Art,Newell 342,9.84000015258789
453,CA-2017-166674,2017-04-01,2017-04-03,Second Class,RB-19360,Raymond Buch,Consumer,United States,Auburn,New York,13021,East,TEC-PH-10002365,Technology,Phones,Belkin Grip Candy Sheer Case / Cover for iPhone 5 and 5S,35.1199989318848
454,CA-2018-147277,2018-10-20,2018-10-24,Standard Class,EB-13705,Ed Braxton,Corporate,United States,Akron,Ohio,44312,East,FUR-TA-10001539,Furniture,Tables,Chromcraft Rectangular Conference Tables,284.364013671875
455,CA-2018-147277,2018-10-20,2018-10-24,Standard Class,EB-13705,Ed Braxton,Corporate,United States,Akron,Ohio,44312,East,OFF-ST-10000142,Office Supplies,Storage,Deluxe Rollaway Locking File with Drawer,665.408020019531
456,CA-2017-100153,2017-12-13,2017-12-17,Standard Class,KH-16630,Ken Heidel,Corporate,United States,Norman,Oklahoma,73071,Central,TEC-AC-10001772,Technology,Accessories,Memorex Mini Travel Drive 16 GB USB 2.0 Flash Drive,63.8800010681152
457,US-2015-110674,2015-02-12,2015-02-18,Standard Class,SC-20095,Sanjit Chand,Consumer,United States,Concord,California,94521,West,FUR-CH-10000225,Furniture,Chairs,"Global Geo Office Task Chair, Gray",129.567993164063
458,US-2017-157945,2017-09-26,2017-10-01,Standard Class,NF-18385,Natalie Fritzler,Consumer,United States,Decatur,Illinois,62521,Central,FUR-CH-10002331,Furniture,Chairs,Hon 4700 Series Mobuis Mid-Back Task Chairs with Adjustable Arms,747.557983398438
459,US-2017-157945,2017-09-26,2017-10-01,Standard Class,NF-18385,Natalie Fritzler,Consumer,United States,Decatur,Illinois,62521,Central,OFF-EN-10001415,Office Supplies,Envelopes,Staple envelope,8.92800045013428
460,CA-2016-109638,2016-12-15,2016-12-22,Standard Class,JH-15985,Joseph Holt,Consumer,United States,Seattle,Washington,98115,West,OFF-AP-10002472,Office Supplies,Appliances,3M Office Air Cleaner,103.919998168945
461,CA-2016-109638,2016-12-15,2016-12-22,Standard Class,JH-15985,Joseph Holt,Consumer,United States,Seattle,Washington,98115,West,TEC-AC-10004571,Technology,Accessories,Logitech G700s Rechargeable Gaming Mouse,899.909973144531
462,CA-2016-109638,2016-12-15,2016-12-22,Standard Class,JH-15985,Joseph Holt,Consumer,United States,Seattle,Washington,98115,West,OFF-BI-10001098,Office Supplies,Binders,Acco D-Ring Binder w/DublLock,51.3120002746582
463,CA-2017-109869,2017-04-22,2017-04-29,Standard Class,TN-21040,Tanja Norvell,Home Office,United States,Phoenix,Arizona,85023,West,FUR-FU-10000023,Furniture,Furnishings,Eldon Wave Desk Accessories,23.5599994659424
464,CA-2017-109869,2017-04-22,2017-04-29,Standard Class,TN-21040,Tanja Norvell,Home Office,United States,Phoenix,Arizona,85023,West,FUR-TA-10001889,Furniture,Tables,Bush Advantage Collection Racetrack Conference Table,1272.63000488281
465,CA-2017-109869,2017-04-22,2017-04-29,Standard Class,TN-21040,Tanja Norvell,Home Office,United States,Phoenix,Arizona,85023,West,OFF-BI-10000315,Office Supplies,Binders,Poly Designer Cover & Back,28.4850006103516
466,CA-2017-109869,2017-04-22,2017-04-29,Standard Class,TN-21040,Tanja Norvell,Home Office,United States,Phoenix,Arizona,85023,West,OFF-SU-10003505,Office Supplies,Supplies,Premier Electric Letter Opener,185.376007080078
467,CA-2017-109869,2017-04-22,2017-04-29,Standard Class,TN-21040,Tanja Norvell,Home Office,United States,Phoenix,Arizona,85023,West,OFF-AP-10002578,Office Supplies,Appliances,"Fellowes Premier Superior Surge Suppressor, 10-Outlet, With Phone and Remote",78.2720031738281
468,US-2016-101399,2016-01-17,2016-01-24,Standard Class,JS-15940,Joni Sundaresam,Home Office,United States,Park Ridge,Illinois,60068,Central,FUR-FU-10002918,Furniture,Furnishings,Eldon ClusterMat Chair Mat with Cordless Antistatic Protection,254.744003295898
469,CA-2018-154907,2018-03-31,2018-04-04,Standard Class,DS-13180,David Smith,Corporate,United States,Amarillo,Texas,79109,Central,FUR-BO-10002824,Furniture,Bookcases,Bush Mission Pointe Library,205.332794189453
470,US-2017-100419,2017-12-16,2017-12-20,Second Class,CC-12670,Craig Carreira,Consumer,United States,Chicago,Illinois,60610,Central,OFF-BI-10002194,Office Supplies,Binders,Cardinal Hold-It CD Pocket,4.78800010681152
471,CA-2016-154144,2016-12-20,2016-12-24,Standard Class,MH-17785,Maya Herman,Corporate,United States,Lindenhurst,New York,11757,East,OFF-PA-10004071,Office Supplies,Paper,"Eaton Premium Continuous-Feed Paper, 25% Cotton, Letter Size, White, 1000 Shts/Box",55.4799995422363
472,CA-2015-144666,2015-11-09,2015-11-11,Second Class,JP-15520,Jeremy Pistek,Consumer,United States,San Francisco,California,94110,West,OFF-ST-10002743,Office Supplies,Storage,SAFCO Boltless Steel Shelving,340.920013427734
473,CA-2015-144666,2015-11-09,2015-11-11,Second Class,JP-15520,Jeremy Pistek,Consumer,United States,San Francisco,California,94110,West,FUR-BO-10001601,Furniture,Bookcases,"Sauder Mission Library with Doors, Fruitwood Finish",222.666000366211
474,CA-2015-144666,2015-11-09,2015-11-11,Second Class,JP-15520,Jeremy Pistek,Consumer,United States,San Francisco,California,94110,West,TEC-PH-10002680,Technology,Phones,Samsung Galaxy Note 3,703.968017578125
475,CA-2015-144666,2015-11-09,2015-11-11,Second Class,JP-15520,Jeremy Pistek,Consumer,United States,San Francisco,California,94110,West,OFF-ST-10001321,Office Supplies,Storage,"Decoflex Hanging Personal Folder File, Blue",92.5199966430664
476,CA-2015-144666,2015-11-09,2015-11-11,Second Class,JP-15520,Jeremy Pistek,Consumer,United States,San Francisco,California,94110,West,OFF-PA-10001509,Office Supplies,Paper,"Recycled Desk Saver Line ""While You Were Out"" Book, 5 1/2"" X 4""",62.6500015258789
477,CA-2015-144666,2015-11-09,2015-11-11,Second Class,JP-15520,Jeremy Pistek,Consumer,United States,San Francisco,California,94110,West,OFF-PA-10003465,Office Supplies,Paper,Xerox 1912,94.8499984741211
478,CA-2017-103891,2017-07-12,2017-07-19,Standard Class,KH-16690,Kristen Hastings,Corporate,United States,Los Angeles,California,90008,West,TEC-PH-10000149,Technology,Phones,Cisco SPA525G2 IP Phone - Wireless,95.7600021362305
479,CA-2017-152632,2017-10-27,2017-11-02,Standard Class,JE-15475,Jeremy Ellison,Consumer,United States,Troy,New York,12180,East,FUR-FU-10002671,Furniture,Furnishings,Electrix 20W Halogen Replacement Bulb for Zoom-In Desk Lamp,40.2000007629395
480,CA-2017-100790,2017-06-26,2017-07-02,Standard Class,JG-15805,John Grady,Corporate,United States,New York City,New York,10024,East,OFF-AR-10003045,Office Supplies,Art,Prang Colored Pencils,14.6999998092651
481,CA-2017-100790,2017-06-26,2017-07-02,Standard Class,JG-15805,John Grady,Corporate,United States,New York City,New York,10024,East,OFF-ST-10000689,Office Supplies,Storage,"Fellowes Strictly Business Drawer File, Letter/Legal Size",704.25
482,CA-2015-134677,2015-10-06,2015-10-10,Standard Class,XP-21865,Xylona Preis,Consumer,United States,San Diego,California,92024,West,TEC-AC-10001445,Technology,Accessories,Imation USB 2.0 Swivel Flash Drive USB flash drive - 4 GB - Pink,9.09000015258789
483,CA-2015-127691,2015-07-22,2015-07-27,Standard Class,EM-14065,Erin Mull,Consumer,United States,New York City,New York,10024,East,OFF-AR-10002053,Office Supplies,Art,"Premium Writing Pencils, Soft, #2 by Central Association for the Blind",5.96000003814697
484,CA-2015-127691,2015-07-22,2015-07-27,Standard Class,EM-14065,Erin Mull,Consumer,United States,New York City,New York,10024,East,TEC-AC-10002567,Technology,Accessories,Logitech G602 Wireless Gaming Mouse,159.979995727539
485,CA-2018-140963,2018-06-10,2018-06-13,First Class,MT-18070,Michelle Tran,Home Office,United States,Los Angeles,California,90045,West,OFF-LA-10003923,Office Supplies,Labels,Alphabetical Labels for Top Tab Filing,29.6000003814697
486,CA-2018-140963,2018-06-10,2018-06-13,First Class,MT-18070,Michelle Tran,Home Office,United States,Los Angeles,California,90045,West,FUR-BO-10001337,Furniture,Bookcases,O'Sullivan Living Dimensions 2-Shelf Bookcases,514.164978027344
487,CA-2018-140963,2018-06-10,2018-06-13,First Class,MT-18070,Michelle Tran,Home Office,United States,Los Angeles,California,90045,West,TEC-PH-10001924,Technology,Phones,iHome FM Clock Radio with Lightning Dock,279.959991455078
488,CA-2015-154627,2015-10-29,2015-10-31,First Class,SA-20830,Sue Ann Reed,Consumer,United States,Chicago,Illinois,60610,Central,TEC-PH-10001363,Technology,Phones,Apple iPhone 5S,2735.95190429688
489,CA-2015-133753,2015-06-09,2015-06-13,Second Class,CW-11905,Carl Weiss,Home Office,United States,Huntsville,Texas,77340,Central,TEC-PH-10000376,Technology,Phones,Square Credit Card Reader,7.99200010299683
490,CA-2015-133753,2015-06-09,2015-06-13,Second Class,CW-11905,Carl Weiss,Home Office,United States,Huntsville,Texas,77340,Central,TEC-AC-10000303,Technology,Accessories,Logitech M510 Wireless Mouse,63.984001159668
491,CA-2015-133753,2015-06-09,2015-06-13,Second Class,CW-11905,Carl Weiss,Home Office,United States,Huntsville,Texas,77340,Central,OFF-AR-10001953,Office Supplies,Art,Boston 1645 Deluxe Heavier-Duty Electric Pencil Sharpener,70.3679962158203
492,CA-2015-113362,2015-09-14,2015-09-19,Standard Class,AJ-10960,Astrea Jones,Consumer,United States,Rochester,New York,14609,East,OFF-ST-10001809,Office Supplies,Storage,Fellowes Officeware Wire Shelving,449.149993896484
493,CA-2015-113362,2015-09-14,2015-09-19,Standard Class,AJ-10960,Astrea Jones,Consumer,United States,Rochester,New York,14609,East,OFF-EN-10003845,Office Supplies,Envelopes,Colored Envelopes,11.0699996948242
494,CA-2017-169166,2017-05-09,2017-05-14,Standard Class,SS-20590,Sonia Sunley,Consumer,United States,Seattle,Washington,98115,West,TEC-AC-10000991,Technology,Accessories,Sony Micro Vault Click 8 GB USB 2.0 Flash Drive,93.9800033569336
495,US-2017-120929,2017-03-18,2017-03-21,Second Class,RO-19780,Rose O'Brian,Consumer,United States,Memphis,Tennessee,38109,South,FUR-TA-10001857,Furniture,Tables,Balt Solid Wood Rectangular Table,189.88200378418
496,CA-2016-134782,2016-12-27,2016-12-31,Standard Class,MD-17350,Maribeth Dona,Consumer,United States,Fayetteville,Arkansas,72701,South,OFF-EN-10001434,Office Supplies,Envelopes,"Strathmore #10 Envelopes, Ultimate White",105.419998168945
497,CA-2017-126158,2017-07-25,2017-07-31,Standard Class,SC-20095,Sanjit Chand,Consumer,United States,Costa Mesa,California,92627,West,OFF-BI-10002498,Office Supplies,Binders,Clear Mylar Reinforcing Strips,119.615997314453
498,CA-2017-126158,2017-07-25,2017-07-31,Standard Class,SC-20095,Sanjit Chand,Consumer,United States,Costa Mesa,California,92627,West,FUR-FU-10004864,Furniture,Furnishings,"Howard Miller 14-1/2"" Diameter Chrome Round Wall Clock",255.759994506836
499,CA-2017-126158,2017-07-25,2017-07-31,Standard Class,SC-20095,Sanjit Chand,Consumer,United States,Costa Mesa,California,92627,West,FUR-CH-10002602,Furniture,Chairs,DMI Arturo Collection Mission-style Design Wood Chair,241.567993164063
500,CA-2017-126158,2017-07-25,2017-07-31,Standard Class,SC-20095,Sanjit Chand,Consumer,United States,Costa Mesa,California,92627,West,FUR-FU-10000073,Furniture,Furnishings,Deflect-O Glasstique Clear Desk Accessories,69.3000030517578
501,US-2017-105578,2017-05-30,2017-06-04,Standard Class,MY-17380,Maribeth Yedwab,Corporate,United States,Parker,Colorado,80134,West,OFF-BI-10001670,Office Supplies,Binders,Vinyl Sectional Post Binders,22.6200008392334
502,US-2017-105578,2017-05-30,2017-06-04,Standard Class,MY-17380,Maribeth Yedwab,Corporate,United States,Parker,Colorado,80134,West,OFF-BI-10001658,Office Supplies,Binders,GBC Standard Therm-A-Bind Covers,14.9519996643066
503,US-2017-105578,2017-05-30,2017-06-04,Standard Class,MY-17380,Maribeth Yedwab,Corporate,United States,Parker,Colorado,80134,West,FUR-CH-10001215,Furniture,Chairs,Global Troy Executive Leather Low-Back Tilter,801.567993164063
504,US-2017-105578,2017-05-30,2017-06-04,Standard Class,MY-17380,Maribeth Yedwab,Corporate,United States,Parker,Colorado,80134,West,OFF-BI-10000831,Office Supplies,Binders,Storex Flexible Poly Binders with Double Pockets,2.37599992752075
505,US-2017-105578,2017-05-30,2017-06-04,Standard Class,MY-17380,Maribeth Yedwab,Corporate,United States,Parker,Colorado,80134,West,OFF-PA-10000357,Office Supplies,Paper,"White Dual Perf Computer Printout Paper, 2700 Sheets, 1 Part, Heavyweight, 20 lbs., 14 7/8 x 11",32.7919998168945
506,CA-2018-134978,2018-11-12,2018-11-15,Second Class,EB-13705,Ed Braxton,Corporate,United States,New York City,New York,10024,East,OFF-BI-10003274,Office Supplies,Binders,"Avery Durable Slant Ring Binders, No Labels",15.9200000762939
507,CA-2016-145352,2016-03-16,2016-03-22,Standard Class,CM-12385,Christopher Martinez,Consumer,United States,Atlanta,Georgia,30318,South,OFF-AR-10001662,Office Supplies,Art,Rogers Handheld Barrel Pencil Sharpener,2.74000000953674
508,CA-2016-145352,2016-03-16,2016-03-22,Standard Class,CM-12385,Christopher Martinez,Consumer,United States,Atlanta,Georgia,30318,South,OFF-AR-10003856,Office Supplies,Art,Newell 344,8.34000015258789
509,CA-2016-145352,2016-03-16,2016-03-22,Standard Class,CM-12385,Christopher Martinez,Consumer,United States,Atlanta,Georgia,30318,South,OFF-ST-10001228,Office Supplies,Storage,Personal File Boxes with Fold-Down Carry Handle,46.7400016784668
510,CA-2016-145352,2016-03-16,2016-03-22,Standard Class,CM-12385,Christopher Martinez,Consumer,United States,Atlanta,Georgia,30318,South,OFF-BI-10003527,Office Supplies,Binders,Fellowes PB500 Electric Punch Plastic Comb Binding Machine with Manual Bind,6354.9501953125
511,CA-2018-135307,2018-11-26,2018-11-27,First Class,LS-17245,Lynn Smith,Consumer,United States,Gladstone,Missouri,64118,Central,FUR-FU-10001290,Furniture,Furnishings,Executive Impressions Supervisor Wall Clock,126.300003051758
512,CA-2018-135307,2018-11-26,2018-11-27,First Class,LS-17245,Lynn Smith,Consumer,United States,Gladstone,Missouri,64118,Central,TEC-AC-10002399,Technology,Accessories,SanDisk Cruzer 32 GB USB Flash Drive,38.0400009155273
513,CA-2017-106341,2017-10-20,2017-10-23,First Class,LF-17185,Luke Foster,Consumer,United States,Newark,Ohio,43055,East,OFF-AR-10002053,Office Supplies,Art,"Premium Writing Pencils, Soft, #2 by Central Association for the Blind",7.15199995040894
514,CA-2018-163405,2018-12-21,2018-12-25,Standard Class,BN-11515,Bradley Nguyen,Consumer,United States,Los Angeles,California,90049,West,OFF-AR-10003811,Office Supplies,Art,Newell 327,6.63000011444092
515,CA-2018-163405,2018-12-21,2018-12-25,Standard Class,BN-11515,Bradley Nguyen,Consumer,United States,Los Angeles,California,90049,West,OFF-AR-10001246,Office Supplies,Art,Newell 317,5.88000011444092
516,CA-2018-127432,2018-01-22,2018-01-27,Standard Class,AD-10180,Alan Dominguez,Home Office,United States,Great Falls,Montana,59405,West,TEC-CO-10003236,Technology,Copiers,Canon Image Class D660 Copier,2999.94995117188
517,CA-2018-127432,2018-01-22,2018-01-27,Standard Class,AD-10180,Alan Dominguez,Home Office,United States,Great Falls,Montana,59405,West,OFF-ST-10004507,Office Supplies,Storage,Advantus Rolling Storage Box,51.4500007629395
518,CA-2018-127432,2018-01-22,2018-01-27,Standard Class,AD-10180,Alan Dominguez,Home Office,United States,Great Falls,Montana,59405,West,OFF-PA-10001667,Office Supplies,Paper,Great White Multi-Use Recycled Paper (20Lb. and 84 Bright),11.960000038147
519,CA-2018-127432,2018-01-22,2018-01-27,Standard Class,AD-10180,Alan Dominguez,Home Office,United States,Great Falls,Montana,59405,West,OFF-ST-10004459,Office Supplies,Storage,Tennsco Single-Tier Lockers,1126.02001953125
520,CA-2016-157812,2016-03-22,2016-03-26,Standard Class,DB-13210,Dean Braden,Consumer,United States,Houston,Texas,77041,Central,TEC-AC-10000171,Technology,Accessories,"Verbatim 25 GB 6x Blu-ray Single Layer Recordable Disc, 25/Pack",18.3920001983643
521,CA-2016-157812,2016-03-22,2016-03-26,Standard Class,DB-13210,Dean Braden,Consumer,United States,Houston,Texas,77041,Central,OFF-ST-10000736,Office Supplies,Storage,Carina Double Wide Media Storage Towers in Natural & Black,129.567993164063
522,CA-2016-157812,2016-03-22,2016-03-26,Standard Class,DB-13210,Dean Braden,Consumer,United States,Houston,Texas,77041,Central,OFF-BI-10000285,Office Supplies,Binders,XtraLife ClearVue Slant-D Ring Binders by Cardinal,14.1120004653931
523,CA-2018-145142,2018-01-23,2018-01-25,First Class,MC-17605,Matt Connell,Corporate,United States,Detroit,Michigan,48234,Central,FUR-TA-10001857,Furniture,Tables,Balt Solid Wood Rectangular Table,210.979995727539
524,US-2017-139486,2017-05-21,2017-05-23,First Class,LH-17155,Logan Haushalter,Consumer,United States,Los Angeles,California,90032,West,TEC-PH-10003555,Technology,Phones,Motorola HK250 Universal Bluetooth Headset,55.1759986877441
525,US-2017-139486,2017-05-21,2017-05-23,First Class,LH-17155,Logan Haushalter,Consumer,United States,Los Angeles,California,90032,West,TEC-AC-10003832,Technology,Accessories,Imation 16GB Mini TravelDrive USB 2.0 Flash Drive,66.2600021362305
526,CA-2016-158792,2016-12-26,2017-01-02,Standard Class,BD-11605,Brian Dahlen,Consumer,United States,Lawrence,Massachusetts,1841,East,OFF-FA-10002815,Office Supplies,Fasteners,Staples,22.2000007629395
527,CA-2018-113558,2018-10-21,2018-10-26,Standard Class,PH-18790,Patricia Hirasaki,Home Office,United States,Lakeland,Florida,33801,South,FUR-CH-10003379,Furniture,Chairs,Global Commerce Series High-Back Swivel/Tilt Chairs,683.952026367188
528,CA-2018-113558,2018-10-21,2018-10-26,Standard Class,PH-18790,Patricia Hirasaki,Home Office,United States,Lakeland,Florida,33801,South,FUR-FU-10001756,Furniture,Furnishings,"Eldon Expressions Desk Accessory, Wood Photo Frame, Mahogany",45.6959991455078
529,US-2016-138303,2016-09-03,2016-09-07,Standard Class,MG-18145,Mike Gockenbach,Consumer,United States,Philadelphia,Pennsylvania,19134,East,OFF-ST-10004963,Office Supplies,Storage,Eldon Gobal File Keepers,36.3359985351563
530,US-2016-138303,2016-09-03,2016-09-07,Standard Class,MG-18145,Mike Gockenbach,Consumer,United States,Philadelphia,Pennsylvania,19134,East,OFF-SU-10002881,Office Supplies,Supplies,Martin Yale Chadless Opener Electric Letter Opener,666.247985839844
531,US-2016-138303,2016-09-03,2016-09-07,Standard Class,MG-18145,Mike Gockenbach,Consumer,United States,Philadelphia,Pennsylvania,19134,East,OFF-EN-10001335,Office Supplies,Envelopes,"White Business Envelopes with Contemporary Seam, Recycled White Business Envelopes",52.5120010375977
532,CA-2016-102848,2016-11-07,2016-11-09,Second Class,KB-16240,Karen Bern,Corporate,United States,Los Angeles,California,90036,West,FUR-CH-10000595,Furniture,Chairs,Safco Contoured Stacking Chairs,190.720001220703
533,US-2018-129441,2018-09-07,2018-09-11,Standard Class,JC-15340,Jasper Cacioppo,Consumer,United States,Los Angeles,California,90032,West,FUR-FU-10000448,Furniture,Furnishings,Tenex Chairmats For Use With Carpeted Floors,47.939998626709
534,CA-2017-168753,2017-05-29,2017-06-01,Second Class,RL-19615,Rob Lucas,Consumer,United States,Montgomery,Alabama,36116,South,TEC-PH-10000984,Technology,Phones,Panasonic KX-TG9471B,979.950012207031
535,CA-2017-168753,2017-05-29,2017-06-01,Second Class,RL-19615,Rob Lucas,Consumer,United States,Montgomery,Alabama,36116,South,OFF-BI-10002557,Office Supplies,Binders,Presstex Flexible Ring Binders,22.75
536,CA-2017-126613,2017-07-10,2017-07-16,Standard Class,AA-10375,Allen Armold,Consumer,United States,Mesa,Arizona,85204,West,OFF-ST-10001325,Office Supplies,Storage,Sterilite Officeware Hinged File Box,16.7679996490479
537,US-2018-122637,2018-09-03,2018-09-08,Second Class,EP-13915,Emily Phan,Consumer,United States,Chicago,Illinois,60653,Central,OFF-BI-10002429,Office Supplies,Binders,"Premier Elliptical Ring Binder, Black",42.6160011291504
538,CA-2016-147851,2016-12-03,2016-12-08,Standard Class,MP-17470,Mark Packer,Home Office,United States,New York City,New York,10009,East,OFF-BI-10004528,Office Supplies,Binders,Cardinal Poly Pocket Divider Pockets for Ring Binders,10.7519998550415
539,CA-2016-134894,2016-12-07,2016-12-11,Standard Class,DK-12985,Darren Koutras,Consumer,United States,Henderson,Kentucky,42420,South,OFF-AP-10001271,Office Supplies,Appliances,Eureka The Boss Cordless Rechargeable Stick Vac,152.940002441406
540,CA-2016-134894,2016-12-07,2016-12-11,Standard Class,DK-12985,Darren Koutras,Consumer,United States,Henderson,Kentucky,42420,South,FUR-CH-10002647,Furniture,Chairs,"Situations Contoured Folding Chairs, 4/Set",283.920013427734
541,CA-2015-140795,2015-02-01,2015-02-03,First Class,BD-11500,Bradley Drucker,Consumer,United States,Green Bay,Wisconsin,54302,Central,TEC-AC-10001432,Technology,Accessories,Enermax Aurora Lite Keyboard,468.899993896484
542,CA-2017-136924,2017-07-14,2017-07-17,First Class,ES-14080,Erin Smith,Corporate,United States,Tucson,Arizona,85705,West,TEC-PH-10002262,Technology,Phones,LG Electronics Tone+ HBS-730 Bluetooth Headset,380.864013671875
543,US-2016-120161,2016-12-18,2016-12-23,Standard Class,LM-17065,Liz MacKendrick,Consumer,United States,Springfield,Ohio,45503,East,OFF-ST-10001809,Office Supplies,Storage,Fellowes Officeware Wire Shelving,646.776000976563
544,CA-2015-103849,2015-05-11,2015-05-16,Standard Class,PG-18895,Paul Gonzalez,Consumer,United States,Fort Worth,Texas,76106,Central,TEC-AC-10001465,Technology,Accessories,SanDisk Cruzer 64 GB USB Flash Drive,58.1119995117188
545,CA-2015-103849,2015-05-11,2015-05-16,Standard Class,PG-18895,Paul Gonzalez,Consumer,United States,Fort Worth,Texas,76106,Central,TEC-PH-10002597,Technology,Phones,Xblue XB-1670-86 X16 Small Office Telephone - Titanium,100.791999816895
546,CA-2015-103849,2015-05-11,2015-05-16,Standard Class,PG-18895,Paul Gonzalez,Consumer,United States,Fort Worth,Texas,76106,Central,FUR-FU-10000723,Furniture,Furnishings,"Deflect-o EconoMat Studded, No Bevel Mat for Low Pile Carpeting",66.1119995117188
547,CA-2018-162929,2018-11-19,2018-11-22,First Class,AS-10135,Adrian Shami,Home Office,United States,New York City,New York,10035,East,OFF-BI-10000404,Office Supplies,Binders,Avery Printable Repositionable Plastic Tabs,41.2799987792969
548,CA-2018-162929,2018-11-19,2018-11-22,First Class,AS-10135,Adrian Shami,Home Office,United States,New York City,New York,10035,East,OFF-PA-10002986,Office Supplies,Paper,Xerox 1898,13.3599996566772
549,CA-2016-113173,2016-11-15,2016-11-17,Second Class,DK-13225,Dean Katz,Corporate,United States,Chicago,Illinois,60653,Central,OFF-ST-10000604,Office Supplies,Storage,Home/Office Personal File Carts,250.272003173828
550,CA-2016-113173,2016-11-15,2016-11-17,Second Class,DK-13225,Dean Katz,Corporate,United States,Chicago,Illinois,60653,Central,OFF-BI-10004738,Office Supplies,Binders,Flexible Leather- Look Classic Collection Ring Binder,11.3640003204346
551,CA-2016-113173,2016-11-15,2016-11-17,Second Class,DK-13225,Dean Katz,Corporate,United States,Chicago,Illinois,60653,Central,OFF-SU-10001935,Office Supplies,Supplies,Staple remover,8.72000026702881
552,CA-2017-136406,2017-04-15,2017-04-17,Second Class,BD-11320,Bill Donatelli,Consumer,United States,San Francisco,California,94110,West,FUR-CH-10002024,Furniture,Chairs,HON 5400 Series Task Chairs for Big and Tall,1121.56799316406
553,CA-2018-112774,2018-09-11,2018-09-12,First Class,RC-19960,Ryan Crowe,Consumer,United States,Jacksonville,Florida,32216,South,FUR-FU-10003039,Furniture,Furnishings,"Howard Miller 11-1/2"" Diameter Grantwood Wall Clock",34.5040016174316
554,CA-2018-101945,2018-11-24,2018-11-28,Standard Class,GT-14710,Greg Tran,Consumer,United States,Houston,Texas,77070,Central,OFF-FA-10004248,Office Supplies,Fasteners,Advantus T-Pin Paper Clips,10.8240003585815
555,CA-2018-100650,2018-06-29,2018-07-03,Second Class,DK-13225,Dean Katz,Corporate,United States,Anaheim,California,92804,West,OFF-ST-10001780,Office Supplies,Storage,Tennsco 16-Compartment Lockers with Coat Rack,1295.78002929688
556,CA-2015-155852,2015-03-03,2015-03-07,Second Class,AJ-10945,Ashley Jarboe,Consumer,United States,Wilmington,North Carolina,28403,South,OFF-AR-10003560,Office Supplies,Art,Zebra Zazzle Fluorescent Highlighters,19.4559993743896
557,CA-2017-113243,2017-06-10,2017-06-15,Standard Class,OT-18730,Olvera Toch,Consumer,United States,Los Angeles,California,90045,West,OFF-LA-10001297,Office Supplies,Labels,Avery 473,20.7000007629395
558,CA-2017-113243,2017-06-10,2017-06-15,Standard Class,OT-18730,Olvera Toch,Consumer,United States,Los Angeles,California,90045,West,FUR-TA-10004256,Furniture,Tables,Bretford “Just In Time” Height-Adjustable Multi-Task Work Tables,1335.68005371094
559,CA-2017-113243,2017-06-10,2017-06-15,Standard Class,OT-18730,Olvera Toch,Consumer,United States,Los Angeles,California,90045,West,OFF-PA-10003441,Office Supplies,Paper,Xerox 226,32.4000015258789
560,CA-2018-118731,2018-11-20,2018-11-22,Second Class,LP-17080,Liz Pelletier,Consumer,United States,San Francisco,California,94110,West,FUR-FU-10003347,Furniture,Furnishings,Coloredge Poster Frame,42.5999984741211
561,CA-2018-118731,2018-11-20,2018-11-22,Second Class,LP-17080,Liz Pelletier,Consumer,United States,San Francisco,California,94110,West,OFF-BI-10000069,Office Supplies,Binders,"GBC Prepunched Paper, 19-Hole, for Binding Systems, 24-lb",84.0559997558594
562,CA-2015-145576,2015-09-14,2015-09-18,Second Class,CA-12775,Cynthia Arntzen,Consumer,United States,Tampa,Florida,33614,South,OFF-AP-10003914,Office Supplies,Appliances,"Sanitaire Vibra Groomer IR Commercial Upright Vacuum, Replacement Belts",13
563,CA-2015-145576,2015-09-14,2015-09-18,Second Class,CA-12775,Cynthia Arntzen,Consumer,United States,Tampa,Florida,33614,South,FUR-FU-10004020,Furniture,Furnishings,Advantus Panel Wall Acrylic Frame,13.1280002593994
564,CA-2016-130736,2016-12-07,2016-12-09,First Class,JF-15490,Jeremy Farry,Consumer,United States,Seattle,Washington,98105,West,OFF-FA-10003467,Office Supplies,Fasteners,"Alliance Big Bands Rubber Bands, 12/Pack",3.96000003814697
565,CA-2016-130736,2016-12-07,2016-12-09,First Class,JF-15490,Jeremy Farry,Consumer,United States,Seattle,Washington,98105,West,OFF-LA-10000634,Office Supplies,Labels,Avery 509,2.60999989509583
566,CA-2018-137099,2018-12-07,2018-12-10,First Class,FP-14320,Frank Preis,Consumer,United States,Los Angeles,California,90008,West,TEC-PH-10002496,Technology,Phones,Cisco SPA301,374.376007080078
567,CA-2018-156951,2018-10-01,2018-10-08,Standard Class,EB-13840,Ellis Ballard,Corporate,United States,Seattle,Washington,98105,West,OFF-PA-10004530,Office Supplies,Paper,Personal Creations Ink Jet Cards and Labels,91.8399963378906
568,CA-2018-156951,2018-10-01,2018-10-08,Standard Class,EB-13840,Ellis Ballard,Corporate,United States,Seattle,Washington,98105,West,OFF-BI-10001107,Office Supplies,Binders,"GBC White Gloss Covers, Plain Front",81.0879974365234
569,CA-2018-156951,2018-10-01,2018-10-08,Standard Class,EB-13840,Ellis Ballard,Corporate,United States,Seattle,Washington,98105,West,OFF-PA-10004451,Office Supplies,Paper,Xerox 222,19.4400005340576
570,CA-2018-156951,2018-10-01,2018-10-08,Standard Class,EB-13840,Ellis Ballard,Corporate,United States,Seattle,Washington,98105,West,FUR-CH-10004997,Furniture,Chairs,Hon Every-Day Series Multi-Task Chairs,451.152008056641
571,CA-2018-164826,2018-12-28,2019-01-04,Standard Class,JF-15415,Jennifer Ferguson,Consumer,United States,New York City,New York,10024,East,OFF-LA-10001297,Office Supplies,Labels,Avery 473,72.4499969482422
572,CA-2018-164826,2018-12-28,2019-01-04,Standard Class,JF-15415,Jennifer Ferguson,Consumer,United States,New York City,New York,10024,East,OFF-FA-10000585,Office Supplies,Fasteners,OIC Bulk Pack Metal Binder Clips,13.960000038147
573,CA-2018-164826,2018-12-28,2019-01-04,Standard Class,JF-15415,Jennifer Ferguson,Consumer,United States,New York City,New York,10024,East,OFF-BI-10001922,Office Supplies,Binders,Storex Dura Pro Binders,33.2639999389648
574,CA-2018-164826,2018-12-28,2019-01-04,Standard Class,JF-15415,Jennifer Ferguson,Consumer,United States,New York City,New York,10024,East,TEC-PH-10000347,Technology,Phones,Cush Cases Heavy Duty Rugged Cover Case for Samsung Galaxy S5 - Purple,14.8500003814697
575,CA-2017-127250,2017-11-03,2017-11-07,Standard Class,SF-20200,Sarah Foster,Consumer,United States,Marysville,Washington,98270,West,OFF-AR-10003394,Office Supplies,Art,Newell 332,8.81999969482422
576,CA-2016-149713,2016-09-18,2016-09-22,Second Class,TG-21640,Trudy Glocke,Consumer,United States,Long Beach,California,90805,West,OFF-PA-10004530,Office Supplies,Paper,Personal Creations Ink Jet Cards and Labels,160.720001220703
577,CA-2016-149713,2016-09-18,2016-09-22,Second Class,TG-21640,Trudy Glocke,Consumer,United States,Long Beach,California,90805,West,OFF-PA-10001450,Office Supplies,Paper,Rediform S.O.S. Phone Message Books,19.9200000762939
578,CA-2016-149713,2016-09-18,2016-09-22,Second Class,TG-21640,Trudy Glocke,Consumer,United States,Long Beach,California,90805,West,OFF-SU-10001574,Office Supplies,Supplies,Acme Value Line Scissors,7.30000019073486
579,CA-2018-118640,2018-07-20,2018-07-26,Standard Class,CS-11950,Carlos Soltero,Consumer,United States,Chicago,Illinois,60610,Central,OFF-ST-10002974,Office Supplies,Storage,"Trav-L-File Heavy-Duty Shuttle II, Black",69.7119979858398
580,CA-2018-118640,2018-07-20,2018-07-26,Standard Class,CS-11950,Carlos Soltero,Consumer,United States,Chicago,Illinois,60610,Central,FUR-FU-10001475,Furniture,Furnishings,"Contract Clock, 14"", Brown",8.79199981689453
581,CA-2016-132906,2016-09-10,2016-09-14,Standard Class,CC-12145,Charles Crestani,Consumer,United States,Los Angeles,California,90004,West,OFF-SU-10004498,Office Supplies,Supplies,Martin-Yale Premier Letter Opener,51.5200004577637
582,CA-2018-145233,2018-12-01,2018-12-05,Standard Class,DV-13465,Dianna Vittorini,Consumer,United States,Denver,Colorado,80219,West,TEC-PH-10004977,Technology,Phones,GE 30524EE4,470.376007080078
583,CA-2018-145233,2018-12-01,2018-12-05,Standard Class,DV-13465,Dianna Vittorini,Consumer,United States,Denver,Colorado,80219,West,TEC-PH-10000586,Technology,Phones,AT&T SB67148 SynJ,105.583999633789
584,CA-2018-145233,2018-12-01,2018-12-05,Standard Class,DV-13465,Dianna Vittorini,Consumer,United States,Denver,Colorado,80219,West,OFF-AP-10000358,Office Supplies,Appliances,Fellowes Basic Home/Office Series Surge Protectors,31.1520004272461
585,CA-2018-145233,2018-12-01,2018-12-05,Standard Class,DV-13465,Dianna Vittorini,Consumer,United States,Denver,Colorado,80219,West,OFF-BI-10002764,Office Supplies,Binders,Recycled Pressboard Report Cover with Reinforced Top Hinge,6.78299999237061
586,CA-2018-145233,2018-12-01,2018-12-05,Standard Class,DV-13465,Dianna Vittorini,Consumer,United States,Denver,Colorado,80219,West,TEC-PH-10001254,Technology,Phones,Jabra BIZ 2300 Duo QD Duo Corded Headset,406.368011474609
587,CA-2016-128139,2016-07-03,2016-07-09,Standard Class,BD-11725,Bruce Degenhardt,Consumer,United States,Richmond,Kentucky,40475,South,FUR-CH-10003956,Furniture,Chairs,Novimex High-Tech Fabric Mesh Task Chair,70.9800033569336
588,CA-2016-128139,2016-07-03,2016-07-09,Standard Class,BD-11725,Bruce Degenhardt,Consumer,United States,Richmond,Kentucky,40475,South,OFF-LA-10003930,Office Supplies,Labels,"Dot Matrix Printer Tape Reel Labels, White, 5000/Box",294.929992675781
589,US-2017-156986,2017-03-20,2017-03-24,Standard Class,ZC-21910,Zuschuss Carroll,Consumer,United States,Salem,Oregon,97301,West,TEC-PH-10003800,Technology,Phones,i.Sound Portable Power - 8000 mAh,84.7839965820313
590,US-2017-156986,2017-03-20,2017-03-24,Standard Class,ZC-21910,Zuschuss Carroll,Consumer,United States,Salem,Oregon,97301,West,OFF-PA-10002005,Office Supplies,Paper,Xerox 225,20.7360000610352
591,US-2017-156986,2017-03-20,2017-03-24,Standard Class,ZC-21910,Zuschuss Carroll,Consumer,United States,Salem,Oregon,97301,West,OFF-BI-10002498,Office Supplies,Binders,Clear Mylar Reinforcing Strips,16.8209991455078
592,US-2017-156986,2017-03-20,2017-03-24,Standard Class,ZC-21910,Zuschuss Carroll,Consumer,United States,Salem,Oregon,97301,West,OFF-PA-10004101,Office Supplies,Paper,Xerox 1894,10.3680000305176
593,CA-2015-135405,2015-01-09,2015-01-13,Standard Class,MS-17830,Melanie Seite,Consumer,United States,Laredo,Texas,78041,Central,OFF-AR-10004078,Office Supplies,Art,Newell 312,9.3439998626709
594,CA-2015-135405,2015-01-09,2015-01-13,Standard Class,MS-17830,Melanie Seite,Consumer,United States,Laredo,Texas,78041,Central,TEC-AC-10001266,Technology,Accessories,Memorex Micro Travel Drive 8 GB,31.2000007629395
595,CA-2015-131450,2015-08-08,2015-08-15,Standard Class,LR-16915,Lena Radford,Consumer,United States,San Diego,California,92024,West,OFF-AP-10004708,Office Supplies,Appliances,Fellowes Superior 10 Outlet Split Surge Protector,76.120002746582
596,CA-2015-131450,2015-08-08,2015-08-15,Standard Class,LR-16915,Lena Radford,Consumer,United States,San Diego,California,92024,West,TEC-CO-10004115,Technology,Copiers,Sharp AL-1530CS Digital Copier,1199.97595214844
597,CA-2015-131450,2015-08-08,2015-08-15,Standard Class,LR-16915,Lena Radford,Consumer,United States,San Diego,California,92024,West,TEC-PH-10002398,Technology,Phones,AT&T 1070 Corded Phone,445.959991455078
598,CA-2015-131450,2015-08-08,2015-08-15,Standard Class,LR-16915,Lena Radford,Consumer,United States,San Diego,California,92024,West,FUR-FU-10001979,Furniture,Furnishings,Dana Halogen Swing-Arm Architect Lamp,327.760009765625
599,CA-2017-120180,2017-07-14,2017-07-16,First Class,TP-21130,Theone Pippenger,Consumer,United States,Philadelphia,Pennsylvania,19134,East,OFF-SU-10004115,Office Supplies,Supplies,Acme Stainless Steel Office Snips,11.6319999694824
600,US-2017-100720,2017-07-16,2017-07-21,Standard Class,CK-12205,Chloris Kastensmidt,Consumer,United States,Philadelphia,Pennsylvania,19120,East,TEC-PH-10001425,Technology,Phones,Mophie Juice Pack Helium for iPhone,143.981994628906
601,US-2017-100720,2017-07-16,2017-07-21,Standard Class,CK-12205,Chloris Kastensmidt,Consumer,United States,Philadelphia,Pennsylvania,19120,East,TEC-PH-10003963,Technology,Phones,GE 2-Jack Phone Line Splitter,494.376007080078
602,US-2017-100720,2017-07-16,2017-07-21,Standard Class,CK-12205,Chloris Kastensmidt,Consumer,United States,Philadelphia,Pennsylvania,19120,East,OFF-SU-10001574,Office Supplies,Supplies,Acme Value Line Scissors,5.84000015258789
603,CA-2015-149958,2015-03-15,2015-03-19,Standard Class,AS-10240,Alan Shonely,Consumer,United States,Tampa,Florida,33614,South,OFF-ST-10001490,Office Supplies,Storage,"Hot File 7-Pocket, Floor Stand",142.776000976563
604,CA-2015-149958,2015-03-15,2015-03-19,Standard Class,AS-10240,Alan Shonely,Consumer,United States,Tampa,Florida,33614,South,FUR-FU-10001756,Furniture,Furnishings,"Eldon Expressions Desk Accessory, Wood Photo Frame, Mahogany",45.6959991455078
605,CA-2015-149958,2015-03-15,2015-03-19,Standard Class,AS-10240,Alan Shonely,Consumer,United States,Tampa,Florida,33614,South,OFF-BI-10000773,Office Supplies,Binders,Insertable Tab Post Binder Dividers,7.21799993515015
606,CA-2015-149958,2015-03-15,2015-03-19,Standard Class,AS-10240,Alan Shonely,Consumer,United States,Tampa,Florida,33614,South,OFF-BI-10001543,Office Supplies,Binders,GBC VeloBinder Manual Binding System,43.1879997253418
607,CA-2015-149958,2015-03-15,2015-03-19,Standard Class,AS-10240,Alan Shonely,Consumer,United States,Tampa,Florida,33614,South,OFF-PA-10002120,Office Supplies,Paper,Xerox 1889,131.904006958008
608,US-2015-105767,2015-05-23,2015-05-27,Standard Class,AR-10510,Andrew Roberts,Consumer,United States,Philadelphia,Pennsylvania,19134,East,OFF-BI-10000848,Office Supplies,Binders,Angle-D Ring Binders,3.28200006484985
609,US-2015-105767,2015-05-23,2015-05-27,Standard Class,AR-10510,Andrew Roberts,Consumer,United States,Philadelphia,Pennsylvania,19134,East,OFF-AR-10001246,Office Supplies,Art,Newell 317,21.1679992675781
610,US-2015-105767,2015-05-23,2015-05-27,Standard Class,AR-10510,Andrew Roberts,Consumer,United States,Philadelphia,Pennsylvania,19134,East,TEC-PH-10003092,Technology,Phones,Motorola L804,55.1879997253418
611,CA-2017-161816,2017-04-28,2017-05-01,First Class,NB-18655,Nona Balk,Corporate,United States,Dallas,Texas,75217,Central,TEC-PH-10003012,Technology,Phones,Nortel Meridian M3904 Professional Digital phone,369.575988769531
612,CA-2017-161816,2017-04-28,2017-05-01,First Class,NB-18655,Nona Balk,Corporate,United States,Dallas,Texas,75217,Central,OFF-LA-10004345,Office Supplies,Labels,Avery 493,15.7119998931885
613,CA-2017-121223,2017-09-11,2017-09-13,Second Class,GD-14590,Giulietta Dortch,Corporate,United States,Philadelphia,Pennsylvania,19143,East,OFF-PA-10001204,Office Supplies,Paper,Xerox 1972,8.44799995422363
614,CA-2017-121223,2017-09-11,2017-09-13,Second Class,GD-14590,Giulietta Dortch,Corporate,United States,Philadelphia,Pennsylvania,19143,East,TEC-PH-10004667,Technology,Phones,Cisco 8x8 Inc. 6753i IP Business Phone System,728.945983886719
615,CA-2018-138611,2018-11-14,2018-11-17,Second Class,CK-12595,Clytie Kelty,Consumer,United States,Grove City,Ohio,43123,East,TEC-PH-10000011,Technology,Phones,PureGear Roll-On Screen Protector,119.940002441406
616,CA-2018-138611,2018-11-14,2018-11-17,Second Class,CK-12595,Clytie Kelty,Consumer,United States,Grove City,Ohio,43123,East,OFF-BI-10002949,Office Supplies,Binders,Prestige Round Ring Binders,3.64800000190735
617,CA-2018-117947,2018-08-18,2018-08-23,Second Class,NG-18355,Nat Gilpin,Corporate,United States,New York City,New York,10011,East,FUR-FU-10003849,Furniture,Furnishings,"DAX Metal Frame, Desktop, Stepped-Edge",40.4799995422363
618,CA-2018-117947,2018-08-18,2018-08-23,Second Class,NG-18355,Nat Gilpin,Corporate,United States,New York City,New York,10011,East,FUR-FU-10000010,Furniture,Furnishings,"DAX Value U-Channel Document Frames, Easel Back",9.9399995803833
619,CA-2018-117947,2018-08-18,2018-08-23,Second Class,NG-18355,Nat Gilpin,Corporate,United States,New York City,New York,10011,East,OFF-BI-10002824,Office Supplies,Binders,Recycled Easel Ring Binders,107.424003601074
620,CA-2018-117947,2018-08-18,2018-08-23,Second Class,NG-18355,Nat Gilpin,Corporate,United States,New York City,New York,10011,East,TEC-PH-10002538,Technology,Phones,Grandstream GXP1160 VoIP phone,37.9099998474121
621,CA-2018-117947,2018-08-18,2018-08-23,Second Class,NG-18355,Nat Gilpin,Corporate,United States,New York City,New York,10011,East,FUR-FU-10000521,Furniture,Furnishings,"Seth Thomas 14"" Putty-Colored Wall Clock",88.0199966430664
622,US-2015-111171,2015-12-26,2015-12-31,Standard Class,CA-12265,Christina Anderson,Consumer,United States,Chicago,Illinois,60610,Central,OFF-BI-10002103,Office Supplies,Binders,"Cardinal Slant-D Ring Binder, Heavy Gauge Vinyl",8.6899995803833
623,CA-2016-138009,2016-11-29,2016-12-03,Standard Class,SF-20965,Sylvia Foulston,Corporate,United States,Dearborn,Michigan,48126,Central,FUR-CH-10004853,Furniture,Chairs,"Global Manager's Adjustable Task Chair, Storm",301.959991455078
624,CA-2016-138009,2016-11-29,2016-12-03,Standard Class,SF-20965,Sylvia Foulston,Corporate,United States,Dearborn,Michigan,48126,Central,OFF-AP-10000179,Office Supplies,Appliances,Honeywell Enviracaire Portable HEPA Air Cleaner for up to 10 x 16 Room,555.210021972656
625,CA-2016-138009,2016-11-29,2016-12-03,Standard Class,SF-20965,Sylvia Foulston,Corporate,United States,Dearborn,Michigan,48126,Central,OFF-ST-10001272,Office Supplies,Storage,"Mini 13-1/2 Capacity Data Binder Rack, Pearl",523.47998046875
626,CA-2016-138009,2016-11-29,2016-12-03,Standard Class,SF-20965,Sylvia Foulston,Corporate,United States,Dearborn,Michigan,48126,Central,OFF-AR-10004042,Office Supplies,Art,"BOSTON Model 1800 Electric Pencil Sharpeners, Putty/Woodgrain",161.820007324219
627,CA-2018-163020,2018-09-15,2018-09-19,Standard Class,MO-17800,Meg O'Connel,Home Office,United States,New York City,New York,10009,East,FUR-FU-10000221,Furniture,Furnishings,"Master Caster Door Stop, Brown",35.560001373291
628,CA-2018-153787,2018-05-19,2018-05-23,Standard Class,AT-10735,Annie Thurman,Consumer,United States,Seattle,Washington,98115,West,OFF-AP-10001563,Office Supplies,Appliances,Belkin Premiere Surge Master II 8-outlet surge protector,97.1600036621094
629,CA-2018-133431,2018-12-17,2018-12-21,Standard Class,LC-17140,Logan Currie,Consumer,United States,San Francisco,California,94122,West,OFF-BI-10000605,Office Supplies,Binders,"Acco Pressboard Covers with Storage Hooks, 9 1/2"" x 11"", Executive Red",15.2399997711182
630,CA-2018-133431,2018-12-17,2018-12-21,Standard Class,LC-17140,Logan Currie,Consumer,United States,San Francisco,California,94122,West,OFF-PA-10002615,Office Supplies,Paper,"Ampad Gold Fibre Wirebound Steno Books, 6"" x 9"", Gregg Ruled",13.2299995422363
631,US-2017-135720,2017-12-11,2017-12-13,Second Class,FM-14380,Fred McMath,Consumer,United States,Aurora,Colorado,80013,West,OFF-ST-10001963,Office Supplies,Storage,Tennsco Regal Shelving Units,243.384002685547
632,US-2017-135720,2017-12-11,2017-12-13,Second Class,FM-14380,Fred McMath,Consumer,United States,Aurora,Colorado,80013,West,TEC-AC-10001267,Technology,Accessories,Imation 32GB Pocket Pro USB 3.0 Flash Drive - 32 GB - Black - 1 P ...,119.800003051758
633,US-2017-135720,2017-12-11,2017-12-13,Second Class,FM-14380,Fred McMath,Consumer,United States,Aurora,Colorado,80013,West,TEC-PH-10002103,Technology,Phones,Jabra SPEAK 410,300.768005371094
634,CA-2018-144694,2018-09-24,2018-09-26,Second Class,BD-11605,Brian Dahlen,Consumer,United States,Miami,Florida,33180,South,TEC-AC-10002857,Technology,Accessories,"Verbatim 25 GB 6x Blu-ray Single Layer Recordable Disc, 1/Pack",17.8799991607666
635,CA-2018-144694,2018-09-24,2018-09-26,Second Class,BD-11605,Brian Dahlen,Consumer,United States,Miami,Florida,33180,South,OFF-LA-10003930,Office Supplies,Labels,"Dot Matrix Printer Tape Reel Labels, White, 5000/Box",235.944000244141
636,CA-2016-168004,2016-10-04,2016-10-09,Second Class,DJ-13420,Denny Joy,Corporate,United States,Warner Robins,Georgia,31088,South,FUR-CH-10001482,Furniture,Chairs,Office Star - Mesh Screen back chair with Vinyl seat,392.940002441406
637,US-2017-123470,2017-08-15,2017-08-21,Standard Class,ME-17725,Max Engle,Consumer,United States,Aurora,Colorado,80013,West,OFF-BI-10001989,Office Supplies,Binders,Premium Transparent Presentation Covers by GBC,18.8819999694824
638,US-2017-123470,2017-08-15,2017-08-21,Standard Class,ME-17725,Max Engle,Consumer,United States,Aurora,Colorado,80013,West,OFF-AP-10003287,Office Supplies,Appliances,Tripp Lite TLP810NET Broadband Surge for Modem/Fax,122.328002929688
639,CA-2017-115917,2017-05-20,2017-05-25,Standard Class,RB-19465,Rick Bensley,Home Office,United States,Vallejo,California,94591,West,FUR-FU-10000576,Furniture,Furnishings,Luxo Professional Fluorescent Magnifier Lamp with Clamp-Mount Base,1049.19995117188
640,CA-2017-115917,2017-05-20,2017-05-25,Standard Class,RB-19465,Rick Bensley,Home Office,United States,Vallejo,California,94591,West,OFF-BI-10004728,Office Supplies,Binders,Wilson Jones Turn Tabs Binder Tool for Ring Binders,15.423999786377
641,CA-2017-147067,2017-12-18,2017-12-22,Standard Class,JD-16150,Justin Deggeller,Corporate,United States,Minneapolis,Minnesota,55407,Central,FUR-FU-10000732,Furniture,Furnishings,Eldon 200 Class Desk Accessories,18.8400001525879
642,CA-2018-167913,2018-07-30,2018-08-03,Second Class,JL-15835,John Lee,Consumer,United States,Mission Viejo,California,92691,West,OFF-ST-10000585,Office Supplies,Storage,Economy Rollaway Files,330.399993896484
643,CA-2018-167913,2018-07-30,2018-08-03,Second Class,JL-15835,John Lee,Consumer,United States,Mission Viejo,California,92691,West,OFF-LA-10002787,Office Supplies,Labels,Avery 480,26.25
644,CA-2018-106103,2018-06-10,2018-06-15,Standard Class,SC-20305,Sean Christensen,Consumer,United States,Rochester Hills,Michigan,48307,Central,TEC-AC-10003832,Technology,Accessories,Imation 16GB Mini TravelDrive USB 2.0 Flash Drive,132.520004272461
645,US-2018-127719,2018-07-21,2018-07-25,Standard Class,TW-21025,Tamara Willingham,Home Office,United States,Plainfield,New Jersey,7060,East,OFF-PA-10001934,Office Supplies,Paper,Xerox 1993,6.48000001907349
646,CA-2018-126221,2018-12-30,2019-01-05,Standard Class,CC-12430,Chuck Clark,Home Office,United States,Columbus,Indiana,47201,Central,OFF-AP-10002457,Office Supplies,Appliances,"Eureka The Boss Plus 12-Amp Hard Box Upright Vacuum, Red",209.300003051758
647,CA-2017-103947,2017-04-01,2017-04-08,Standard Class,BB-10990,Barry Blumstein,Corporate,United States,Sierra Vista,Arizona,85635,West,OFF-FA-10003112,Office Supplies,Fasteners,Staples,31.5599994659424
648,CA-2017-103947,2017-04-01,2017-04-08,Standard Class,BB-10990,Barry Blumstein,Corporate,United States,Sierra Vista,Arizona,85635,West,OFF-AP-10002350,Office Supplies,Appliances,Belkin F9H710-06 7 Outlet SurgeMaster Surge Protector,30.1439990997314
649,CA-2017-160745,2017-12-11,2017-12-16,Second Class,AR-10825,Anthony Rawles,Corporate,United States,Vancouver,Washington,98661,West,FUR-FU-10001935,Furniture,Furnishings,3M Hangers With Command Adhesive,14.8000001907349
650,CA-2017-160745,2017-12-11,2017-12-16,Second Class,AR-10825,Anthony Rawles,Corporate,United States,Vancouver,Washington,98661,West,TEC-PH-10003273,Technology,Phones,AT&T TR1909W,302.376007080078
651,CA-2017-160745,2017-12-11,2017-12-16,Second Class,AR-10825,Anthony Rawles,Corporate,United States,Vancouver,Washington,98661,West,TEC-AC-10001142,Technology,Accessories,First Data FD10 PIN Pad,316
652,CA-2017-132661,2017-10-23,2017-10-29,Standard Class,SR-20740,Steven Roelle,Home Office,United States,New York City,New York,10024,East,OFF-PA-10000482,Office Supplies,Paper,"Snap-A-Way Black Print Carbonless Ruled Speed Letter, Triplicate",379.399993896484
653,CA-2018-140844,2018-06-19,2018-06-23,Standard Class,AR-10405,Allen Rosenblatt,Corporate,United States,New York City,New York,10035,East,OFF-PA-10003892,Office Supplies,Paper,Xerox 1943,97.8199996948242
654,CA-2018-140844,2018-06-19,2018-06-23,Standard Class,AR-10405,Allen Rosenblatt,Corporate,United States,New York City,New York,10035,East,TEC-AC-10001101,Technology,Accessories,Sony 16GB Class 10 Micro SDHC R40 Memory Card,103.120002746582
655,CA-2017-137239,2017-08-22,2017-08-28,Standard Class,CR-12730,Craig Reiter,Consumer,United States,Columbus,Ohio,43229,East,OFF-AP-10002439,Office Supplies,Appliances,Tripp Lite Isotel 8 Ultra 8 Outlet Metal Surge,113.552001953125
656,CA-2017-137239,2017-08-22,2017-08-28,Standard Class,CR-12730,Craig Reiter,Consumer,United States,Columbus,Ohio,43229,East,OFF-BI-10002827,Office Supplies,Binders,Avery Durable Poly Binders,3.31800007820129
657,CA-2017-137239,2017-08-22,2017-08-28,Standard Class,CR-12730,Craig Reiter,Consumer,United States,Columbus,Ohio,43229,East,OFF-EN-10002230,Office Supplies,Envelopes,Airmail Envelopes,134.287994384766
658,US-2017-156097,2017-09-19,2017-09-19,Same Day,EH-14125,Eugene Hildebrand,Home Office,United States,Aurora,Illinois,60505,Central,FUR-CH-10001215,Furniture,Chairs,Global Troy Executive Leather Low-Back Tilter,701.372009277344
659,US-2017-156097,2017-09-19,2017-09-19,Same Day,EH-14125,Eugene Hildebrand,Home Office,United States,Aurora,Illinois,60505,Central,OFF-BI-10004654,Office Supplies,Binders,Avery Binding System Hidden Tab Executive Style Index Sets,2.30800008773804
660,CA-2016-146563,2016-08-24,2016-08-28,Standard Class,CB-12025,Cassandra Brandow,Consumer,United States,Arlington,Texas,76017,Central,OFF-ST-10001490,Office Supplies,Storage,"Hot File 7-Pocket, Floor Stand",999.432006835938
661,CA-2016-146563,2016-08-24,2016-08-28,Standard Class,CB-12025,Cassandra Brandow,Consumer,United States,Arlington,Texas,76017,Central,OFF-ST-10001511,Office Supplies,Storage,Space Solutions Commercial Steel Shelving,724.080017089844
662,CA-2016-146563,2016-08-24,2016-08-28,Standard Class,CB-12025,Cassandra Brandow,Consumer,United States,Arlington,Texas,76017,Central,FUR-TA-10001768,Furniture,Tables,Hon Racetrack Conference Tables,918.784973144531
663,CA-2016-146563,2016-08-24,2016-08-28,Standard Class,CB-12025,Cassandra Brandow,Consumer,United States,Arlington,Texas,76017,Central,OFF-BI-10003981,Office Supplies,Binders,"Avery Durable Plastic 1"" Binders",2.72399997711182
664,CA-2017-123666,2017-03-26,2017-03-30,Standard Class,SP-20545,Sibella Parks,Corporate,United States,New York City,New York,10011,East,OFF-ST-10001522,Office Supplies,Storage,"Gould Plastics 18-Pocket Panel Bin, 34w x 5-1/4d x 20-1/2h",459.950012207031
665,CA-2017-143308,2017-11-04,2017-11-04,Same Day,RC-19825,Roy Collins,Consumer,United States,Louisville,Kentucky,40214,South,OFF-FA-10000621,Office Supplies,Fasteners,"OIC Colored Binder Clips, Assorted Sizes",10.7399997711182
666,CA-2018-132682,2018-06-08,2018-06-10,Second Class,TH-21235,Tiffany House,Corporate,United States,Dallas,Texas,75081,Central,OFF-SU-10004231,Office Supplies,Supplies,Acme Tagit Stainless Steel Antibacterial Scissors,23.7600002288818
667,CA-2018-132682,2018-06-08,2018-06-10,Second Class,TH-21235,Tiffany House,Corporate,United States,Dallas,Texas,75081,Central,OFF-PA-10000474,Office Supplies,Paper,Easy-staple paper,85.0559997558594
668,CA-2018-132682,2018-06-08,2018-06-10,Second Class,TH-21235,Tiffany House,Corporate,United States,Dallas,Texas,75081,Central,TEC-PH-10004042,Technology,Phones,ClearOne Communications CHAT 70 OC Speaker Phone,381.575988769531
669,CA-2015-156314,2015-12-24,2015-12-26,First Class,RP-19390,Resi Pölking,Consumer,United States,Cleveland,Ohio,44105,East,FUR-FU-10003096,Furniture,Furnishings,"Master Giant Foot Doorstop, Safety Yellow",30.3600006103516
670,US-2018-106663,2018-06-09,2018-06-13,Standard Class,MO-17800,Meg O'Connel,Home Office,United States,Chicago,Illinois,60653,Central,FUR-FU-10002759,Furniture,Furnishings,12-1/2 Diameter Round Wall Clock,23.9759998321533
671,US-2018-106663,2018-06-09,2018-06-13,Standard Class,MO-17800,Meg O'Connel,Home Office,United States,Chicago,Illinois,60653,Central,FUR-TA-10000688,Furniture,Tables,"Chromcraft Bull-Nose Wood Round Conference Table Top, Wood Base",108.925003051758
672,US-2018-106663,2018-06-09,2018-06-13,Standard Class,MO-17800,Meg O'Connel,Home Office,United States,Chicago,Illinois,60653,Central,OFF-PA-10002377,Office Supplies,Paper,"Adams Telephone Message Book W/Dividers/Space For Phone Numbers, 5 1/4""X8 1/2"", 200/Messages",36.3520011901855
673,CA-2018-111178,2018-06-15,2018-06-22,Standard Class,TD-20995,Tamara Dahlen,Consumer,United States,Quincy,Illinois,62301,Central,OFF-AR-10001954,Office Supplies,Art,Newell 331,19.5599994659424
674,CA-2018-130351,2018-12-05,2018-12-08,First Class,RB-19570,Rob Beeghly,Consumer,United States,Columbus,Indiana,47201,Central,OFF-AP-10004532,Office Supplies,Appliances,Kensington 6 Outlet Guardian Standard Surge Protector,61.439998626709
675,CA-2018-130351,2018-12-05,2018-12-08,First Class,RB-19570,Rob Beeghly,Consumer,United States,Columbus,Indiana,47201,Central,OFF-PA-10002137,Office Supplies,Paper,"Southworth 100% Résumé Paper, 24lb.",38.9000015258789
676,CA-2018-130351,2018-12-05,2018-12-08,First Class,RB-19570,Rob Beeghly,Consumer,United States,Columbus,Indiana,47201,Central,TEC-AC-10003832,Technology,Accessories,Imation 16GB Mini TravelDrive USB 2.0 Flash Drive,99.3899993896484
677,US-2018-119438,2018-03-18,2018-03-23,Standard Class,CD-11980,Carol Darley,Consumer,United States,Tyler,Texas,75701,Central,OFF-AP-10000804,Office Supplies,Appliances,Hoover Portapower Portable Vacuum,2.68799996376038
678,US-2018-119438,2018-03-18,2018-03-23,Standard Class,CD-11980,Carol Darley,Consumer,United States,Tyler,Texas,75701,Central,TEC-AC-10003614,Technology,Accessories,"Verbatim 25 GB 6x Blu-ray Single Layer Recordable Disc, 10/Pack",27.8159999847412
679,US-2018-119438,2018-03-18,2018-03-23,Standard Class,CD-11980,Carol Darley,Consumer,United States,Tyler,Texas,75701,Central,FUR-FU-10003553,Furniture,Furnishings,"Howard Miller 13-1/2"" Diameter Rosebrook Wall Clock",82.5240020751953
680,US-2018-119438,2018-03-18,2018-03-23,Standard Class,CD-11980,Carol Darley,Consumer,United States,Tyler,Texas,75701,Central,OFF-BI-10004632,Office Supplies,Binders,Ibico Hi-Tech Manual Binding System,182.994003295898
681,CA-2017-164511,2017-11-19,2017-11-24,Standard Class,DJ-13630,Doug Jacobs,Consumer,United States,New York City,New York,10024,East,OFF-BI-10003305,Office Supplies,Binders,Avery Hanging File Binders,14.3520002365112
682,CA-2017-164511,2017-11-19,2017-11-24,Standard Class,DJ-13630,Doug Jacobs,Consumer,United States,New York City,New York,10024,East,OFF-ST-10002583,Office Supplies,Storage,Fellowes Neat Ideas Storage Cubes,64.9599990844727
683,CA-2017-164511,2017-11-19,2017-11-24,Standard Class,DJ-13630,Doug Jacobs,Consumer,United States,New York City,New York,10024,East,OFF-ST-10004507,Office Supplies,Storage,Advantus Rolling Storage Box,68.5999984741211
684,US-2018-168116,2018-11-04,2018-11-04,Same Day,GT-14635,Grant Thornton,Corporate,United States,Burlington,North Carolina,27217,South,TEC-MA-10004125,Technology,Machines,Cubify CubeX 3D Printer Triple Head Print,7999.97998046875
685,US-2018-168116,2018-11-04,2018-11-04,Same Day,GT-14635,Grant Thornton,Corporate,United States,Burlington,North Carolina,27217,South,OFF-AP-10002457,Office Supplies,Appliances,"Eureka The Boss Plus 12-Amp Hard Box Upright Vacuum, Red",167.440002441406
686,CA-2015-157784,2015-07-05,2015-07-08,First Class,MC-17845,Michael Chen,Consumer,United States,Jackson,Mississippi,39212,South,TEC-AC-10003911,Technology,Accessories,NETGEAR AC1750 Dual Band Gigabit Smart WiFi Router,479.970001220703
687,CA-2015-157784,2015-07-05,2015-07-08,First Class,MC-17845,Michael Chen,Consumer,United States,Jackson,Mississippi,39212,South,OFF-LA-10001934,Office Supplies,Labels,Avery 516,14.6199998855591
688,CA-2015-157784,2015-07-05,2015-07-08,First Class,MC-17845,Michael Chen,Consumer,United States,Jackson,Mississippi,39212,South,OFF-PA-10000304,Office Supplies,Paper,Xerox 1995,19.4400005340576
689,CA-2018-161480,2018-12-25,2018-12-29,Standard Class,RA-19285,Ralph Arnett,Consumer,United States,New York City,New York,10035,East,FUR-BO-10004015,Furniture,Bookcases,"Bush Andora Bookcase, Maple/Graphite Gray Finish",191.983993530273
690,US-2015-117135,2015-06-21,2015-06-23,Second Class,NP-18325,Naresj Patel,Consumer,United States,Waynesboro,Virginia,22980,South,FUR-FU-10004071,Furniture,Furnishings,Luxo Professional Magnifying Clamp-On Fluorescent Lamps,104.01000213623
691,US-2015-117135,2015-06-21,2015-06-23,Second Class,NP-18325,Naresj Patel,Consumer,United States,Waynesboro,Virginia,22980,South,TEC-PH-10002033,Technology,Phones,Konftel 250 Conference phone - Charcoal black,284.820007324219
692,US-2015-117135,2015-06-21,2015-06-23,Second Class,NP-18325,Naresj Patel,Consumer,United States,Waynesboro,Virginia,22980,South,OFF-ST-10002444,Office Supplies,Storage,Recycled Eldon Regeneration Jumbo File,36.8400001525879
693,CA-2016-131534,2016-03-28,2016-04-02,Standard Class,AB-10165,Alan Barnes,Consumer,United States,Los Angeles,California,90036,West,TEC-AC-10002253,Technology,Accessories,Imation Bio 8GB USB Flash Drive Imation Corp,166.240005493164
694,CA-2016-131534,2016-03-28,2016-04-02,Standard Class,AB-10165,Alan Barnes,Consumer,United States,Los Angeles,California,90036,West,OFF-PA-10000743,Office Supplies,Paper,Xerox 1977,33.4000015258789
695,CA-2016-119291,2016-05-14,2016-05-17,First Class,JO-15550,Jesus Ocampo,Home Office,United States,Chester,Pennsylvania,19013,East,OFF-AR-10003373,Office Supplies,Art,"Boston School Pro Electric Pencil Sharpener, 1670",198.272003173828
696,CA-2016-119291,2016-05-14,2016-05-17,First Class,JO-15550,Jesus Ocampo,Home Office,United States,Chester,Pennsylvania,19013,East,OFF-LA-10002312,Office Supplies,Labels,Avery 490,47.3600006103516
697,CA-2016-119291,2016-05-14,2016-05-17,First Class,JO-15550,Jesus Ocampo,Home Office,United States,Chester,Pennsylvania,19013,East,OFF-EN-10000927,Office Supplies,Envelopes,Jet-Pak Recycled Peel 'N' Seal Padded Mailers,200.983993530273
698,CA-2016-119291,2016-05-14,2016-05-17,First Class,JO-15550,Jesus Ocampo,Home Office,United States,Chester,Pennsylvania,19013,East,OFF-LA-10003510,Office Supplies,Labels,"Avery 4027 File Folder Labels for Dot Matrix Printers, 5000 Labels per Box, White",97.6959991455078
699,CA-2016-119291,2016-05-14,2016-05-17,First Class,JO-15550,Jesus Ocampo,Home Office,United States,Chester,Pennsylvania,19013,East,OFF-AR-10001118,Office Supplies,Art,"Binney & Smith Crayola Metallic Crayons, 16-Color Pack",2.69600009918213
700,CA-2016-119291,2016-05-14,2016-05-17,First Class,JO-15550,Jesus Ocampo,Home Office,United States,Chester,Pennsylvania,19013,East,OFF-BI-10001575,Office Supplies,Binders,GBC Linen Binding Covers,18.5879993438721
701,CA-2016-119291,2016-05-14,2016-05-17,First Class,JO-15550,Jesus Ocampo,Home Office,United States,Chester,Pennsylvania,19013,East,OFF-BI-10001982,Office Supplies,Binders,Wilson Jones Custom Binder Spines & Labels,4.89599990844727
702,CA-2018-114552,2018-09-02,2018-09-08,Standard Class,Dl-13600,Dorris liebe,Corporate,United States,Cleveland,Ohio,44105,East,FUR-FU-10002960,Furniture,Furnishings,"Eldon 200 Class Desk Accessories, Burgundy",15.0719995498657
703,CA-2017-163755,2017-11-04,2017-11-08,Second Class,AS-10285,Alejandro Savely,Corporate,United States,Seattle,Washington,98103,West,FUR-FU-10003394,Furniture,Furnishings,"Tenex ""The Solids"" Textured Chair Mats",209.880004882813
704,CA-2016-142027,2016-04-09,2016-04-14,Standard Class,JK-15370,Jay Kimmel,Consumer,United States,Long Beach,California,90805,West,FUR-TA-10002774,Furniture,Tables,Laminate Occasional Tables,369.911987304688
705,CA-2015-138527,2015-09-12,2015-09-17,Standard Class,BN-11470,Brad Norvell,Corporate,United States,Cary,North Carolina,27511,South,OFF-PA-10001800,Office Supplies,Paper,Xerox 220,10.3680000305176
706,CA-2015-138527,2015-09-12,2015-09-17,Standard Class,BN-11470,Brad Norvell,Corporate,United States,Cary,North Carolina,27511,South,OFF-AP-10001469,Office Supplies,Appliances,Fellowes 8 Outlet Superior Workstation Surge Protector,166.839996337891
707,CA-2015-138527,2015-09-12,2015-09-17,Standard Class,BN-11470,Brad Norvell,Corporate,United States,Cary,North Carolina,27511,South,TEC-AC-10002399,Technology,Accessories,SanDisk Cruzer 32 GB USB Flash Drive,15.2159996032715
708,CA-2015-112158,2015-12-02,2015-12-04,First Class,DP-13165,David Philippe,Consumer,United States,New York City,New York,10035,East,TEC-AC-10003628,Technology,Accessories,Logitech 910-002974 M325 Wireless Mouse for Web Scrolling,119.959999084473
709,CA-2015-112158,2015-12-02,2015-12-04,First Class,DP-13165,David Philippe,Consumer,United States,New York City,New York,10035,East,FUR-BO-10003272,Furniture,Bookcases,O'Sullivan Living Dimensions 5-Shelf Bookcases,883.919982910156
710,CA-2015-112158,2015-12-02,2015-12-04,First Class,DP-13165,David Philippe,Consumer,United States,New York City,New York,10035,East,OFF-BI-10000050,Office Supplies,Binders,"Angle-D Binders with Locking Rings, Label Holders",46.7200012207031
711,CA-2015-113887,2015-04-05,2015-04-07,First Class,TH-21550,Tracy Hopkins,Home Office,United States,New York City,New York,10035,East,OFF-PA-10004071,Office Supplies,Paper,"Eaton Premium Continuous-Feed Paper, 25% Cotton, Letter Size, White, 1000 Shts/Box",55.4799995422363
712,CA-2018-146136,2018-09-03,2018-09-07,Standard Class,AP-10915,Arthur Prichep,Consumer,United States,Palm Coast,Florida,32137,South,OFF-EN-10001219,Office Supplies,Envelopes,"#10- 4 1/8"" x 9 1/2"" Security-Tint Envelopes",24.4479999542236
713,US-2018-100048,2018-05-19,2018-05-24,Standard Class,RS-19765,Roland Schwarz,Corporate,United States,Mount Vernon,New York,10550,East,OFF-AP-10001154,Office Supplies,Appliances,Bionaire Personal Warm Mist Humidifier/Vaporizer,281.339996337891
714,US-2018-100048,2018-05-19,2018-05-24,Standard Class,RS-19765,Roland Schwarz,Corporate,United States,Mount Vernon,New York,10550,East,TEC-PH-10003012,Technology,Phones,Nortel Meridian M3904 Professional Digital phone,307.980010986328
715,US-2018-100048,2018-05-19,2018-05-24,Standard Class,RS-19765,Roland Schwarz,Corporate,United States,Mount Vernon,New York,10550,East,TEC-AC-10001606,Technology,Accessories,Logitech Wireless Performance Mouse MX for PC and Mac,299.970001220703
716,CA-2015-153150,2015-07-01,2015-07-06,Second Class,Dl-13600,Dorris liebe,Corporate,United States,Seattle,Washington,98105,West,OFF-BI-10003355,Office Supplies,Binders,Cardinal Holdit Business Card Pockets,19.9200000762939
717,CA-2015-130092,2015-01-11,2015-01-14,First Class,SV-20365,Seth Vernon,Consumer,United States,Dover,Delaware,19901,East,FUR-FU-10000010,Furniture,Furnishings,"DAX Value U-Channel Document Frames, Easel Back",9.9399995803833
718,CA-2018-108910,2018-09-24,2018-09-29,Standard Class,KC-16540,Kelly Collister,Consumer,United States,Newark,Ohio,43055,East,FUR-FU-10002253,Furniture,Furnishings,"Howard Miller 13"" Diameter Pewter Finish Round Wall Clock",103.055999755859
719,CA-2015-104472,2015-06-02,2015-06-07,Standard Class,CK-12325,Christine Kargatis,Home Office,United States,Orem,Utah,84057,West,OFF-BI-10001658,Office Supplies,Binders,GBC Standard Therm-A-Bind Covers,59.8079986572266
720,CA-2015-104472,2015-06-02,2015-06-07,Standard Class,CK-12325,Christine Kargatis,Home Office,United States,Orem,Utah,84057,West,FUR-FU-10000246,Furniture,Furnishings,Aluminum Document Frame,73.3199996948242
721,CA-2017-112942,2017-02-13,2017-02-18,Standard Class,RD-19810,Ross DeVincentis,Home Office,United States,Los Angeles,California,90045,West,OFF-PA-10004092,Office Supplies,Paper,Tops Green Bar Computer Printout Paper,146.820007324219
722,CA-2017-142335,2017-12-15,2017-12-19,Standard Class,MP-17965,Michael Paige,Corporate,United States,Detroit,Michigan,48205,Central,FUR-TA-10000198,Furniture,Tables,Chromcraft Bull-Nose Wood Oval Conference Tables & Bases,1652.93994140625
723,CA-2017-142335,2017-12-15,2017-12-19,Standard Class,MP-17965,Michael Paige,Corporate,United States,Detroit,Michigan,48205,Central,OFF-ST-10000036,Office Supplies,Storage,"Recycled Data-Pak for Archival Bound Computer Printouts, 12-1/2 x 12-1/2 x 16",296.369995117188
724,CA-2015-117429,2015-10-07,2015-10-13,Standard Class,MR-17545,Mathew Reese,Home Office,United States,Philadelphia,Pennsylvania,19140,East,FUR-FU-10000222,Furniture,Furnishings,"Seth Thomas 16"" Steel Case Clock",129.919998168945
725,CA-2017-114713,2017-07-07,2017-07-12,Standard Class,SC-20695,Steve Chapman,Corporate,United States,Hialeah,Florida,33012,South,OFF-SU-10004664,Office Supplies,Supplies,Acme Softgrip Scissors,45.5839996337891
726,CA-2018-144113,2018-09-16,2018-09-20,Standard Class,JF-15355,Jay Fein,Consumer,United States,Austin,Texas,78745,Central,OFF-EN-10001141,Office Supplies,Envelopes,"Manila Recycled Extra-Heavyweight Clasp Envelopes, 6"" x 9""",17.568000793457
727,CA-2018-144113,2018-09-16,2018-09-20,Standard Class,JF-15355,Jay Fein,Consumer,United States,Austin,Texas,78745,Central,TEC-PH-10002170,Technology,Phones,ClearSounds CSC500 Amplified Spirit Phone Corded phone,55.992000579834
728,US-2017-150861,2017-12-03,2017-12-06,First Class,EG-13900,Emily Grady,Consumer,United States,Oceanside,New York,11572,East,OFF-PA-10001954,Office Supplies,Paper,Xerox 1964,182.720001220703
729,US-2017-150861,2017-12-03,2017-12-06,First Class,EG-13900,Emily Grady,Consumer,United States,Oceanside,New York,11572,East,FUR-TA-10002228,Furniture,Tables,"Bevis Traditional Conference Table Top, Plinth Base",400.032012939453
730,US-2017-150861,2017-12-03,2017-12-06,First Class,EG-13900,Emily Grady,Consumer,United States,Oceanside,New York,11572,East,OFF-ST-10004634,Office Supplies,Storage,"Personal Folder Holder, Ebony",33.6300010681152
731,US-2017-150861,2017-12-03,2017-12-06,First Class,EG-13900,Emily Grady,Consumer,United States,Oceanside,New York,11572,East,FUR-CH-10002965,Furniture,Chairs,"Global Leather Highback Executive Chair with Pneumatic Height Adjustment, Black",542.64599609375
732,US-2017-150861,2017-12-03,2017-12-06,First Class,EG-13900,Emily Grady,Consumer,United States,Oceanside,New York,11572,East,OFF-LA-10001317,Office Supplies,Labels,Avery 520,6.30000019073486
733,CA-2018-131954,2018-01-21,2018-01-25,Standard Class,DS-13030,Darrin Sayre,Home Office,United States,Seattle,Washington,98115,West,OFF-ST-10000736,Office Supplies,Storage,Carina Double Wide Media Storage Towers in Natural & Black,242.940002441406
734,CA-2018-131954,2018-01-21,2018-01-25,Standard Class,DS-13030,Darrin Sayre,Home Office,United States,Seattle,Washington,98115,West,TEC-AC-10003610,Technology,Accessories,Logitech Illuminated - Keyboard,179.970001220703
735,CA-2018-131954,2018-01-21,2018-01-25,Standard Class,DS-13030,Darrin Sayre,Home Office,United States,Seattle,Washington,98115,West,OFF-BI-10003982,Office Supplies,Binders,Wilson Jones Century Plastic Molded Ring Binders,99.6959991455078
736,CA-2018-131954,2018-01-21,2018-01-25,Standard Class,DS-13030,Darrin Sayre,Home Office,United States,Seattle,Washington,98115,West,OFF-BI-10003291,Office Supplies,Binders,Wilson Jones Leather-Like Binders with DublLock Round Rings,27.9360008239746
737,CA-2018-131954,2018-01-21,2018-01-25,Standard Class,DS-13030,Darrin Sayre,Home Office,United States,Seattle,Washington,98115,West,FUR-BO-10001619,Furniture,Bookcases,O'Sullivan Cherrywood Estates Traditional Bookcase,84.9800033569336
738,CA-2018-131954,2018-01-21,2018-01-25,Standard Class,DS-13030,Darrin Sayre,Home Office,United States,Seattle,Washington,98115,West,OFF-BI-10000138,Office Supplies,Binders,Acco Translucent Poly Ring Binders,18.7199993133545
739,CA-2015-132500,2015-09-08,2015-09-12,Standard Class,GZ-14470,Gary Zandusky,Consumer,United States,San Francisco,California,94110,West,TEC-AC-10001383,Technology,Accessories,Logitech Wireless Touch Keyboard K400,49.9799995422363
740,CA-2015-112326,2015-01-04,2015-01-08,Standard Class,PO-19195,Phillina Ober,Home Office,United States,Naperville,Illinois,60540,Central,OFF-LA-10003223,Office Supplies,Labels,Avery 508,11.7840003967285
741,CA-2015-112326,2015-01-04,2015-01-08,Standard Class,PO-19195,Phillina Ober,Home Office,United States,Naperville,Illinois,60540,Central,OFF-ST-10002743,Office Supplies,Storage,SAFCO Boltless Steel Shelving,272.735992431641
742,CA-2015-112326,2015-01-04,2015-01-08,Standard Class,PO-19195,Phillina Ober,Home Office,United States,Naperville,Illinois,60540,Central,OFF-BI-10004094,Office Supplies,Binders,GBC Standard Plastic Binding Systems Combs,3.53999996185303
743,US-2017-146710,2017-08-27,2017-09-01,Standard Class,SS-20875,Sung Shariari,Consumer,United States,Dallas,Texas,75220,Central,OFF-SU-10004498,Office Supplies,Supplies,Martin-Yale Premier Letter Opener,51.5200004577637
744,US-2017-146710,2017-08-27,2017-09-01,Standard Class,SS-20875,Sung Shariari,Consumer,United States,Dallas,Texas,75220,Central,OFF-PA-10002615,Office Supplies,Paper,"Ampad Gold Fibre Wirebound Steno Books, 6"" x 9"", Gregg Ruled",3.52800011634827
745,US-2017-146710,2017-08-27,2017-09-01,Standard Class,SS-20875,Sung Shariari,Consumer,United States,Dallas,Texas,75220,Central,OFF-PA-10004971,Office Supplies,Paper,Xerox 196,4.62400007247925
746,US-2017-146710,2017-08-27,2017-09-01,Standard Class,SS-20875,Sung Shariari,Consumer,United States,Dallas,Texas,75220,Central,OFF-SU-10004261,Office Supplies,Supplies,"Fiskars 8"" Scissors, 2/Pack",55.1679992675781
747,CA-2015-124429,2015-05-27,2015-05-27,Same Day,MH-17785,Maya Herman,Corporate,United States,San Diego,California,92105,West,FUR-TA-10002607,Furniture,Tables,KI Conference Tables,567.119995117188
748,CA-2015-124429,2015-05-27,2015-05-27,Same Day,MH-17785,Maya Herman,Corporate,United States,San Diego,California,92105,West,OFF-ST-10001809,Office Supplies,Storage,Fellowes Officeware Wire Shelving,359.320007324219
749,CA-2017-150889,2017-03-20,2017-03-22,Second Class,PB-19105,Peter Bühler,Consumer,United States,Evanston,Illinois,60201,Central,TEC-PH-10000004,Technology,Phones,Belkin iPhone and iPad Lightning Cable,11.9919996261597
750,CA-2018-126074,2018-10-02,2018-10-06,Standard Class,RF-19735,Roland Fjeld,Consumer,United States,Trenton,Michigan,48183,Central,OFF-BI-10003638,Office Supplies,Binders,GBC Durable Plastic Covers,58.0499992370605
751,CA-2018-126074,2018-10-02,2018-10-06,Standard Class,RF-19735,Roland Fjeld,Consumer,United States,Trenton,Michigan,48183,Central,FUR-FU-10003577,Furniture,Furnishings,Nu-Dell Leatherette Frames,157.740005493164
752,CA-2018-126074,2018-10-02,2018-10-06,Standard Class,RF-19735,Roland Fjeld,Consumer,United States,Trenton,Michigan,48183,Central,OFF-AR-10003478,Office Supplies,Art,"Avery Hi-Liter EverBold Pen Style Fluorescent Highlighters, 4/Pack",56.9799995422363
753,CA-2018-126074,2018-10-02,2018-10-06,Standard Class,RF-19735,Roland Fjeld,Consumer,United States,Trenton,Michigan,48183,Central,OFF-BI-10000546,Office Supplies,Binders,Avery Durable Binders,2.88000011444092
754,CA-2017-110499,2017-04-07,2017-04-09,First Class,YC-21895,Yoseph Carroll,Corporate,United States,San Francisco,California,94110,West,TEC-CO-10002095,Technology,Copiers,Hewlett Packard 610 Color Digital Copier / Printer,1199.97595214844
755,CA-2016-135272,2016-12-07,2016-12-12,Standard Class,MS-17830,Melanie Seite,Consumer,United States,Los Angeles,California,90036,West,FUR-FU-10002759,Furniture,Furnishings,12-1/2 Diameter Round Wall Clock,79.9199981689453
756,CA-2017-140928,2017-09-18,2017-09-22,Standard Class,NB-18655,Nona Balk,Corporate,United States,Jacksonville,Florida,32216,South,FUR-TA-10001095,Furniture,Tables,Chromcraft Round Conference Tables,383.43798828125
757,CA-2015-106803,2015-12-29,2016-01-02,Standard Class,DC-13285,Debra Catini,Consumer,United States,Cottage Grove,Minnesota,55016,Central,OFF-ST-10002444,Office Supplies,Storage,Recycled Eldon Regeneration Jumbo File,24.5599994659424
758,CA-2015-106803,2015-12-29,2016-01-02,Standard Class,DC-13285,Debra Catini,Consumer,United States,Cottage Grove,Minnesota,55016,Central,TEC-AC-10001267,Technology,Accessories,Imation 32GB Pocket Pro USB 3.0 Flash Drive - 32 GB - Black - 1 P ...,119.800003051758
759,CA-2018-117240,2018-07-23,2018-07-28,Standard Class,CP-12340,Christine Phan,Corporate,United States,New York City,New York,10009,East,OFF-BI-10000848,Office Supplies,Binders,Angle-D Ring Binders,13.1280002593994
760,CA-2018-133333,2018-09-18,2018-09-22,Standard Class,BF-11020,Barry Französisch,Corporate,United States,Green Bay,Wisconsin,54302,Central,OFF-PA-10002377,Office Supplies,Paper,"Adams Telephone Message Book W/Dividers/Space For Phone Numbers, 5 1/4""X8 1/2"", 200/Messages",22.7199993133545
761,CA-2016-112319,2016-08-31,2016-09-05,Standard Class,AR-10510,Andrew Roberts,Consumer,United States,Los Angeles,California,90004,West,OFF-PA-10003441,Office Supplies,Paper,Xerox 226,58.3199996948242
762,CA-2018-126046,2018-11-03,2018-11-07,Standard Class,JC-16105,Julie Creighton,Corporate,United States,Atlanta,Georgia,30318,South,OFF-LA-10004484,Office Supplies,Labels,Avery 476,12.3900003433228
763,CA-2016-114923,2016-02-08,2016-02-13,Standard Class,LH-17020,Lisa Hazard,Consumer,United States,Columbus,Ohio,43229,East,TEC-PH-10003931,Technology,Phones,JBL Micro Wireless Portable Bluetooth Speaker,107.982002258301
764,CA-2015-162775,2015-01-13,2015-01-15,Second Class,CS-12250,Chris Selesnick,Corporate,United States,Bossier City,Louisiana,71111,South,OFF-EN-10001990,Office Supplies,Envelopes,Staple envelope,11.3599996566772
765,CA-2015-162775,2015-01-13,2015-01-15,Second Class,CS-12250,Chris Selesnick,Corporate,United States,Bossier City,Louisiana,71111,South,OFF-EN-10001532,Office Supplies,Envelopes,Brown Kraft Recycled Envelopes,50.939998626709
766,CA-2015-162775,2015-01-13,2015-01-15,Second Class,CS-12250,Chris Selesnick,Corporate,United States,Bossier City,Louisiana,71111,South,TEC-AC-10003174,Technology,Accessories,Plantronics S12 Corded Telephone Headset System,646.739990234375
767,CA-2015-162775,2015-01-13,2015-01-15,Second Class,CS-12250,Chris Selesnick,Corporate,United States,Bossier City,Louisiana,71111,South,OFF-BI-10004187,Office Supplies,Binders,3-ring staple pack,5.6399998664856
768,CA-2015-162775,2015-01-13,2015-01-15,Second Class,CS-12250,Chris Selesnick,Corporate,United States,Bossier City,Louisiana,71111,South,OFF-ST-10000025,Office Supplies,Storage,Fellowes Stor/Drawer Steel Plus Storage Drawers,572.580017089844
769,CA-2015-106810,2015-05-14,2015-05-20,Standard Class,AJ-10795,Anthony Johnson,Corporate,United States,Saint Petersburg,Florida,33710,South,FUR-FU-10004306,Furniture,Furnishings,Electrix Halogen Magnifier Lamp,310.880004882813
770,CA-2017-157245,2017-05-19,2017-05-24,Standard Class,LE-16810,Laurel Elliston,Consumer,United States,Arlington,Virginia,22204,South,FUR-CH-10003746,Furniture,Chairs,Hon 4070 Series Pagoda Round Back Stacking Chairs,641.960021972656
771,CA-2018-104220,2018-01-30,2018-02-05,Standard Class,BV-11245,Benjamin Venier,Corporate,United States,Des Moines,Iowa,50315,Central,OFF-BI-10001036,Office Supplies,Binders,Cardinal EasyOpen D-Ring Binders,18.2800006866455
772,CA-2018-104220,2018-01-30,2018-02-05,Standard Class,BV-11245,Benjamin Venier,Corporate,United States,Des Moines,Iowa,50315,Central,TEC-PH-10004614,Technology,Phones,AT&T 841000 Phone,207
773,CA-2018-104220,2018-01-30,2018-02-05,Standard Class,BV-11245,Benjamin Venier,Corporate,United States,Des Moines,Iowa,50315,Central,OFF-BI-10000301,Office Supplies,Binders,GBC Instant Report Kit,32.3499984741211
774,CA-2018-104220,2018-01-30,2018-02-05,Standard Class,BV-11245,Benjamin Venier,Corporate,United States,Des Moines,Iowa,50315,Central,OFF-BI-10003910,Office Supplies,Binders,DXL Angle-View Binders with Locking Rings by Samsill,7.71000003814697
775,CA-2018-104220,2018-01-30,2018-02-05,Standard Class,BV-11245,Benjamin Venier,Corporate,United States,Des Moines,Iowa,50315,Central,OFF-AR-10004648,Office Supplies,Art,Boston 19500 Mighty Mite Electric Pencil Sharpener,40.2999992370605
776,CA-2018-104220,2018-01-30,2018-02-05,Standard Class,BV-11245,Benjamin Venier,Corporate,United States,Des Moines,Iowa,50315,Central,FUR-FU-10002597,Furniture,Furnishings,"C-Line Magnetic Cubicle Keepers, Clear Polypropylene",34.5800018310547
777,CA-2015-165974,2015-06-29,2015-07-06,Standard Class,DL-12865,Dan Lawera,Consumer,United States,Cincinnati,Ohio,45231,East,OFF-AR-10003405,Office Supplies,Art,"Dixon My First Ticonderoga Pencil, #2",32.7599983215332
778,CA-2016-144267,2016-08-21,2016-08-23,First Class,NZ-18565,Nick Zandusky,Home Office,United States,San Francisco,California,94110,West,FUR-CH-10002335,Furniture,Chairs,Hon GuestStacker Chair,544.007995605469
779,CA-2016-144267,2016-08-21,2016-08-23,First Class,NZ-18565,Nick Zandusky,Home Office,United States,San Francisco,California,94110,West,OFF-PA-10000157,Office Supplies,Paper,Xerox 191,59.939998626709
780,CA-2016-144267,2016-08-21,2016-08-23,First Class,NZ-18565,Nick Zandusky,Home Office,United States,San Francisco,California,94110,West,OFF-PA-10001947,Office Supplies,Paper,Xerox 1974,23.9200000762939
781,CA-2016-144267,2016-08-21,2016-08-23,First Class,NZ-18565,Nick Zandusky,Home Office,United States,San Francisco,California,94110,West,OFF-PA-10003657,Office Supplies,Paper,Xerox 1927,4.28000020980835
782,US-2016-157014,2016-10-03,2016-10-06,Second Class,BM-11785,Bryan Mills,Consumer,United States,Columbus,Ohio,43229,East,OFF-BI-10001098,Office Supplies,Binders,Acco D-Ring Binder w/DublLock,32.0699996948242
783,US-2016-157014,2016-10-03,2016-10-06,Second Class,BM-11785,Bryan Mills,Consumer,United States,Columbus,Ohio,43229,East,TEC-AC-10002167,Technology,Accessories,Imation 8gb Micro Traveldrive Usb 2.0 Flash Drive,24
784,US-2016-157014,2016-10-03,2016-10-06,Second Class,BM-11785,Bryan Mills,Consumer,United States,Columbus,Ohio,43229,East,FUR-BO-10004409,Furniture,Bookcases,"Safco Value Mate Series Steel Bookcases, Baked Enamel Finish on Steel, Gray",35.4900016784668
785,US-2016-157014,2016-10-03,2016-10-06,Second Class,BM-11785,Bryan Mills,Consumer,United States,Columbus,Ohio,43229,East,TEC-AC-10000057,Technology,Accessories,Microsoft Natural Ergonomic Keyboard 4000,47.984001159668
786,CA-2016-154921,2016-05-23,2016-05-28,Standard Class,EA-14035,Erin Ashbrook,Corporate,United States,Columbia,South Carolina,29203,South,OFF-EN-10000056,Office Supplies,Envelopes,Cameo Buff Policy Envelopes,186.690002441406
787,CA-2018-129567,2018-03-17,2018-03-21,Second Class,CL-12565,Clay Ludtke,Consumer,United States,Lancaster,California,93534,West,OFF-BI-10000014,Office Supplies,Binders,Heavy-Duty E-Z-D Binders,17.4559993743896
788,CA-2016-154620,2016-12-12,2016-12-16,Standard Class,LT-17110,Liz Thompson,Consumer,United States,Lancaster,California,93534,West,FUR-CH-10004675,Furniture,Chairs,"Lifetime Advantage Folding Chairs, 4/Carton",348.928009033203
789,CA-2016-115938,2016-06-26,2016-06-30,Standard Class,SA-20830,Sue Ann Reed,Consumer,United States,Richmond,Virginia,23223,South,OFF-BI-10001543,Office Supplies,Binders,GBC VeloBinder Manual Binding System,143.960006713867
790,CA-2016-115938,2016-06-26,2016-06-30,Standard Class,SA-20830,Sue Ann Reed,Consumer,United States,Richmond,Virginia,23223,South,OFF-ST-10001321,Office Supplies,Storage,"Decoflex Hanging Personal Folder File, Blue",15.4200000762939
791,CA-2016-115938,2016-06-26,2016-06-30,Standard Class,SA-20830,Sue Ann Reed,Consumer,United States,Richmond,Virginia,23223,South,OFF-BI-10001132,Office Supplies,Binders,"Acco PRESSTEX Data Binder with Storage Hooks, Dark Blue, 9 1/2"" X 11""",43.0400009155273
792,CA-2016-115938,2016-06-26,2016-06-30,Standard Class,SA-20830,Sue Ann Reed,Consumer,United States,Richmond,Virginia,23223,South,FUR-CH-10003199,Furniture,Chairs,Office Star - Contemporary Task Swivel Chair,332.940002441406
793,CA-2017-105256,2017-05-20,2017-05-20,Same Day,JK-15730,Joe Kamberova,Consumer,United States,Asheville,North Carolina,28806,South,TEC-PH-10001530,Technology,Phones,Cisco Unified IP Phone 7945G VoIP phone,1363.9599609375
794,CA-2015-156433,2015-09-20,2015-09-26,Standard Class,ES-14020,Erica Smith,Consumer,United States,San Francisco,California,94110,West,OFF-LA-10001569,Office Supplies,Labels,Avery 499,9.96000003814697
795,CA-2015-156433,2015-09-20,2015-09-26,Standard Class,ES-14020,Erica Smith,Consumer,United States,San Francisco,California,94110,West,OFF-PA-10003724,Office Supplies,Paper,"Wirebound Message Book, 4 per Page",21.7199993133545
796,CA-2018-151428,2018-09-21,2018-09-26,Standard Class,RH-19495,Rick Hansen,Consumer,United States,Rochester,Minnesota,55901,Central,OFF-BI-10000546,Office Supplies,Binders,Avery Durable Binders,20.1599998474121
797,CA-2016-124653,2016-12-24,2016-12-26,First Class,DB-13120,David Bremer,Corporate,United States,Rochester,New York,14609,East,OFF-PA-10000176,Office Supplies,Paper,Xerox 1887,132.789993286133
798,CA-2016-124653,2016-12-24,2016-12-26,First Class,DB-13120,David Bremer,Corporate,United States,Rochester,New York,14609,East,OFF-PA-10002365,Office Supplies,Paper,Xerox 1967,12.960000038147
799,CA-2016-124653,2016-12-24,2016-12-26,First Class,DB-13120,David Bremer,Corporate,United States,Rochester,New York,14609,East,OFF-LA-10002271,Office Supplies,Labels,Smead Alpha-Z Color-Coded Second Alphabetical Labels and Starter Set,21.5599994659424
800,CA-2016-101910,2016-11-27,2016-12-03,Standard Class,CD-11920,Carlos Daly,Consumer,United States,Lake Elsinore,California,92530,West,FUR-CH-10002647,Furniture,Chairs,"Situations Contoured Folding Chairs, 4/Set",283.920013427734
801,CA-2018-105809,2018-02-20,2018-02-23,First Class,HW-14935,Helen Wasserman,Corporate,United States,San Diego,California,92105,West,FUR-FU-10004090,Furniture,Furnishings,"Executive Impressions 14"" Contract Wall Clock",22.2299995422363
802,CA-2018-105809,2018-02-20,2018-02-23,First Class,HW-14935,Helen Wasserman,Corporate,United States,San Diego,California,92105,West,TEC-PH-10001580,Technology,Phones,Logitech Mobile Speakerphone P710e - speaker phone,215.968002319336
803,CA-2017-136133,2017-08-18,2017-08-23,Second Class,HW-14935,Helen Wasserman,Corporate,United States,New York City,New York,10024,East,OFF-AP-10000576,Office Supplies,Appliances,Belkin 7 Outlet SurgeMaster II,355.320007324219
804,CA-2017-115504,2017-03-12,2017-03-17,Standard Class,MC-18130,Mike Caudle,Corporate,United States,Monroe,Louisiana,71203,South,OFF-PA-10003953,Office Supplies,Paper,Xerox 218,12.960000038147
805,CA-2018-135783,2018-04-22,2018-04-24,First Class,GM-14440,Gary McGarr,Consumer,United States,San Francisco,California,94122,West,FUR-FU-10000794,Furniture,Furnishings,"Eldon Stackable Tray, Side-Load, Legal, Smoke",18.2800006866455
806,CA-2015-134313,2015-11-01,2015-11-07,Standard Class,RA-19915,Russell Applegate,Consumer,United States,Denver,Colorado,80219,West,OFF-AR-10001897,Office Supplies,Art,Model L Table or Wall-Mount Pencil Sharpener,43.1759986877441
807,CA-2015-134313,2015-11-01,2015-11-07,Standard Class,RA-19915,Russell Applegate,Consumer,United States,Denver,Colorado,80219,West,TEC-PH-10001795,Technology,Phones,ClearOne CHATAttach 160 - speaker phone,1983.96801757813
808,CA-2016-140921,2016-02-03,2016-02-05,First Class,AA-10375,Allen Armold,Consumer,United States,Omaha,Nebraska,68104,Central,FUR-FU-10003347,Furniture,Furnishings,Coloredge Poster Frame,28.3999996185303
809,CA-2016-140921,2016-02-03,2016-02-05,First Class,AA-10375,Allen Armold,Consumer,United States,Omaha,Nebraska,68104,Central,TEC-AC-10004901,Technology,Accessories,Kensington SlimBlade Notebook Wireless Mouse with Nano Receiver,149.970001220703
810,CA-2015-151995,2015-10-13,2015-10-15,First Class,ZC-21910,Zuschuss Carroll,Consumer,United States,Edmonds,Washington,98026,West,OFF-AR-10003190,Office Supplies,Art,Newell 32,11.5200004577637
811,CA-2015-151995,2015-10-13,2015-10-15,First Class,ZC-21910,Zuschuss Carroll,Consumer,United States,Edmonds,Washington,98026,West,FUR-TA-10002903,Furniture,Tables,"Bevis Round Bullnose 29"" High Table Top",1298.55004882813
812,CA-2015-151995,2015-10-13,2015-10-15,First Class,ZC-21910,Zuschuss Carroll,Consumer,United States,Edmonds,Washington,98026,West,OFF-AP-10000240,Office Supplies,Appliances,Belkin F9G930V10-GRY 9 Outlet Surge,213.919998168945
813,CA-2015-151995,2015-10-13,2015-10-15,First Class,ZC-21910,Zuschuss Carroll,Consumer,United States,Edmonds,Washington,98026,West,TEC-AC-10001101,Technology,Accessories,Sony 16GB Class 10 Micro SDHC R40 Memory Card,25.7800006866455
814,CA-2018-143686,2018-05-14,2018-05-14,Same Day,PJ-19015,Pauline Johnson,Consumer,United States,Santa Ana,California,92704,West,FUR-FU-10000794,Furniture,Furnishings,"Eldon Stackable Tray, Side-Load, Legal, Smoke",18.2800006866455
815,CA-2018-143686,2018-05-14,2018-05-14,Same Day,PJ-19015,Pauline Johnson,Consumer,United States,Santa Ana,California,92704,West,TEC-AC-10001838,Technology,Accessories,Razer Tiamat Over Ear 7.1 Surround Sound PC Gaming Headset,1399.93005371094
816,CA-2016-106565,2016-03-20,2016-03-23,First Class,BW-11110,Bart Watters,Corporate,United States,Milwaukee,Wisconsin,53209,Central,OFF-PA-10000061,Office Supplies,Paper,Xerox 205,51.8400001525879
817,CA-2017-149370,2017-09-15,2017-09-19,Standard Class,DB-13210,Dean Braden,Consumer,United States,Philadelphia,Pennsylvania,19140,East,OFF-PA-10003651,Office Supplies,Paper,Xerox 1968,5.3439998626709
818,CA-2015-140858,2015-06-28,2015-07-02,Standard Class,CA-12775,Cynthia Arntzen,Consumer,United States,Philadelphia,Pennsylvania,19140,East,OFF-PA-10000304,Office Supplies,Paper,Xerox 1995,41.4720001220703
819,CA-2015-140858,2015-06-28,2015-07-02,Standard Class,CA-12775,Cynthia Arntzen,Consumer,United States,Philadelphia,Pennsylvania,19140,East,OFF-BI-10003094,Office Supplies,Binders,Self-Adhesive Ring Binder Labels,3.16799998283386
820,CA-2015-140858,2015-06-28,2015-07-02,Standard Class,CA-12775,Cynthia Arntzen,Consumer,United States,Philadelphia,Pennsylvania,19140,East,FUR-CH-10001394,Furniture,Chairs,Global Leather Executive Chair,1228.46496582031
821,CA-2015-140858,2015-06-28,2015-07-02,Standard Class,CA-12775,Cynthia Arntzen,Consumer,United States,Philadelphia,Pennsylvania,19140,East,OFF-BI-10004230,Office Supplies,Binders,GBC Recycled Grain Textured Covers,31.0860004425049
822,CA-2015-140858,2015-06-28,2015-07-02,Standard Class,CA-12775,Cynthia Arntzen,Consumer,United States,Philadelphia,Pennsylvania,19140,East,OFF-PA-10003395,Office Supplies,Paper,Xerox 1941,335.519989013672
823,CA-2018-101434,2018-06-20,2018-06-27,Standard Class,TR-21325,Toby Ritter,Consumer,United States,Belleville,New Jersey,7109,East,TEC-AC-10002402,Technology,Accessories,Razer Kraken PRO Over Ear PC and Music Headset,239.970001220703
824,CA-2018-101434,2018-06-20,2018-06-27,Standard Class,TR-21325,Toby Ritter,Consumer,United States,Belleville,New Jersey,7109,East,OFF-LA-10003223,Office Supplies,Labels,Avery 508,9.81999969482422
825,US-2015-102071,2015-05-09,2015-05-15,Standard Class,PG-18820,Patrick Gardner,Consumer,United States,San Francisco,California,94110,West,TEC-AC-10003441,Technology,Accessories,Kingston Digital DataTraveler 32GB USB 2.0,67.8000030517578
826,US-2015-102071,2015-05-09,2015-05-15,Standard Class,PG-18820,Patrick Gardner,Consumer,United States,San Francisco,California,94110,West,TEC-AC-10000109,Technology,Accessories,Sony Micro Vault Click 16 GB USB 2.0 Flash Drive,167.970001220703
827,CA-2018-126956,2018-08-21,2018-08-28,Standard Class,GT-14710,Greg Tran,Consumer,United States,Lakeville,Minnesota,55044,Central,OFF-FA-10002280,Office Supplies,Fasteners,Advantus Plastic Paper Clips,35
828,CA-2018-126956,2018-08-21,2018-08-28,Standard Class,GT-14710,Greg Tran,Consumer,United States,Lakeville,Minnesota,55044,Central,OFF-SU-10000381,Office Supplies,Supplies,Acme Forged Steel Scissors with Black Enamel Handles,37.2400016784668
829,CA-2018-126956,2018-08-21,2018-08-28,Standard Class,GT-14710,Greg Tran,Consumer,United States,Lakeville,Minnesota,55044,Central,OFF-EN-10004459,Office Supplies,Envelopes,Security-Tint Envelopes,15.2799997329712
830,CA-2018-129462,2018-06-16,2018-06-21,Second Class,JE-15745,Joel Eaton,Consumer,United States,Florence,Kentucky,41042,South,FUR-CH-10000665,Furniture,Chairs,"Global Airflow Leather Mesh Back Chair, Black",301.959991455078
831,CA-2018-129462,2018-06-16,2018-06-21,Second Class,JE-15745,Joel Eaton,Consumer,United States,Florence,Kentucky,41042,South,OFF-AP-10003884,Office Supplies,Appliances,"Fellowes Smart Surge Ten-Outlet Protector, Platinum",180.660003662109
832,CA-2018-129462,2018-06-16,2018-06-21,Second Class,JE-15745,Joel Eaton,Consumer,United States,Florence,Kentucky,41042,South,TEC-PH-10001557,Technology,Phones,Pyle PMP37LED,191.979995727539
833,CA-2018-129462,2018-06-16,2018-06-21,Second Class,JE-15745,Joel Eaton,Consumer,United States,Florence,Kentucky,41042,South,TEC-PH-10002085,Technology,Phones,Clarity 53712,65.9899978637695
834,CA-2017-165316,2017-07-23,2017-07-27,Standard Class,JB-15400,Jennifer Braxton,Corporate,United States,Tampa,Florida,33614,South,OFF-AR-10002956,Office Supplies,Art,Boston 16801 Nautilus Battery Pencil Sharpener,35.2159996032715
835,CA-2017-165316,2017-07-23,2017-07-27,Standard Class,JB-15400,Jennifer Braxton,Corporate,United States,Tampa,Florida,33614,South,OFF-AP-10003266,Office Supplies,Appliances,"Holmes Replacement Filter for HEPA Air Cleaner, Large Room",23.6959991455078
836,CA-2017-165316,2017-07-23,2017-07-27,Standard Class,JB-15400,Jennifer Braxton,Corporate,United States,Tampa,Florida,33614,South,TEC-MA-10004002,Technology,Machines,Zebra GX420t Direct Thermal/Thermal Transfer Printer,265.475006103516
837,US-2015-115987,2015-09-08,2015-09-13,Second Class,LH-17020,Lisa Hazard,Consumer,United States,Tyler,Texas,75701,Central,OFF-BI-10001071,Office Supplies,Binders,GBC ProClick Punch Binding System,51.1839981079102
838,US-2018-156083,2018-11-04,2018-11-11,Standard Class,JL-15175,James Lanier,Home Office,United States,Columbia,Tennessee,38401,South,OFF-PA-10001560,Office Supplies,Paper,"Adams Telephone Message Books, 5 1/4” x 11”",9.66399955749512
839,US-2017-137547,2017-03-07,2017-03-12,Standard Class,EB-13705,Ed Braxton,Corporate,United States,Fort Worth,Texas,76106,Central,TEC-PH-10002365,Technology,Phones,Belkin Grip Candy Sheer Case / Cover for iPhone 5 and 5S,21.07200050354
840,CA-2016-100454,2016-11-20,2016-11-25,Standard Class,BM-11650,Brian Moss,Corporate,United States,New York City,New York,10035,East,OFF-AR-10004648,Office Supplies,Art,Boston 19500 Mighty Mite Electric Pencil Sharpener,60.4500007629395
841,CA-2016-100454,2016-11-20,2016-11-25,Standard Class,BM-11650,Brian Moss,Corporate,United States,New York City,New York,10035,East,OFF-AR-10002578,Office Supplies,Art,Newell 335,11.5200004577637
842,CA-2016-100454,2016-11-20,2016-11-25,Standard Class,BM-11650,Brian Moss,Corporate,United States,New York City,New York,10035,East,FUR-BO-10001519,Furniture,Bookcases,O'Sullivan 3-Shelf Heavy-Duty Bookcases,186.048004150391
843,CA-2017-161669,2017-11-07,2017-11-09,First Class,EM-14095,Eudokia Martin,Corporate,United States,Los Angeles,California,90036,West,OFF-BI-10001294,Office Supplies,Binders,Fellowes Binding Cases,37.439998626709
844,CA-2017-161669,2017-11-07,2017-11-09,First Class,EM-14095,Eudokia Martin,Corporate,United States,Los Angeles,California,90036,West,OFF-BI-10001636,Office Supplies,Binders,Ibico Plastic and Wire Spiral Binding Combs,26.9759998321533
845,CA-2017-161669,2017-11-07,2017-11-09,First Class,EM-14095,Eudokia Martin,Corporate,United States,Los Angeles,California,90036,West,OFF-SU-10002503,Office Supplies,Supplies,Acme Preferred Stainless Steel Scissors,11.3599996566772
846,CA-2017-161669,2017-11-07,2017-11-09,First Class,EM-14095,Eudokia Martin,Corporate,United States,Los Angeles,California,90036,West,OFF-LA-10004093,Office Supplies,Labels,Avery 486,14.6199998855591
847,CA-2016-114300,2016-10-13,2016-10-17,Standard Class,AF-10885,Art Foster,Consumer,United States,Louisville,Kentucky,40214,South,TEC-PH-10001552,Technology,Phones,I Need's 3d Hello Kitty Hybrid Silicone Case Cover for HTC One X 4g with 3d Hello Kitty Stylus Pen Green/pink,83.7200012207031
848,CA-2016-114300,2016-10-13,2016-10-17,Standard Class,AF-10885,Art Foster,Consumer,United States,Louisville,Kentucky,40214,South,FUR-CH-10001891,Furniture,Chairs,Global Deluxe Office Fabric Chairs,287.940002441406
849,CA-2018-107503,2018-01-01,2018-01-06,Standard Class,GA-14725,Guy Armstrong,Consumer,United States,Lorain,Ohio,44052,East,FUR-FU-10003878,Furniture,Furnishings,"Linden 10"" Round Wall Clock, Black",48.8959999084473
850,CA-2015-107755,2015-02-07,2015-02-12,Standard Class,CK-12760,Cyma Kinney,Corporate,United States,Linden,New Jersey,7036,East,TEC-AC-10000710,Technology,Accessories,Maxell DVD-RAM Discs,115.360000610352
851,CA-2017-152534,2017-06-20,2017-06-25,Second Class,DP-13105,Dave Poirier,Corporate,United States,Salinas,California,93905,West,OFF-AR-10002335,Office Supplies,Art,DIXON Oriole Pencils,5.15999984741211
852,CA-2017-152534,2017-06-20,2017-06-25,Second Class,DP-13105,Dave Poirier,Corporate,United States,Salinas,California,93905,West,OFF-PA-10001870,Office Supplies,Paper,Xerox 202,38.8800010681152
853,CA-2017-113747,2017-05-28,2017-06-04,Standard Class,VD-21670,Valerie Dominguez,Consumer,United States,Jackson,Mississippi,39212,South,OFF-AR-10003373,Office Supplies,Art,"Boston School Pro Electric Pencil Sharpener, 1670",185.880004882813
854,CA-2017-123274,2017-02-19,2017-02-24,Standard Class,GT-14710,Greg Tran,Consumer,United States,New York City,New York,10035,East,FUR-FU-10004090,Furniture,Furnishings,"Executive Impressions 14"" Contract Wall Clock",44.4599990844727
855,CA-2017-123274,2017-02-19,2017-02-24,Standard Class,GT-14710,Greg Tran,Consumer,United States,New York City,New York,10035,East,OFF-ST-10000736,Office Supplies,Storage,Carina Double Wide Media Storage Towers in Natural & Black,242.940002441406
856,CA-2015-125612,2015-08-03,2015-08-08,Standard Class,BK-11260,Berenike Kampe,Consumer,United States,New York City,New York,10035,East,OFF-PA-10001019,Office Supplies,Paper,Xerox 1884,39.9599990844727
857,CA-2015-125612,2015-08-03,2015-08-08,Standard Class,BK-11260,Berenike Kampe,Consumer,United States,New York City,New York,10035,East,OFF-SU-10002537,Office Supplies,Supplies,Acme Box Cutter Scissors,102.300003051758
858,CA-2015-125612,2015-08-03,2015-08-08,Standard Class,BK-11260,Berenike Kampe,Consumer,United States,New York City,New York,10035,East,OFF-ST-10003221,Office Supplies,Storage,Staple magnet,21.3600006103516
859,CA-2018-161984,2018-04-10,2018-04-15,Standard Class,SJ-20125,Sanjit Jacobs,Home Office,United States,New Brunswick,New Jersey,8901,East,OFF-PA-10004569,Office Supplies,Paper,"Wirebound Message Books, Two 4 1/4"" x 5"" Forms per Page",7.6100001335144
860,CA-2018-161984,2018-04-10,2018-04-15,Standard Class,SJ-20125,Sanjit Jacobs,Home Office,United States,New Brunswick,New Jersey,8901,East,OFF-FA-10000624,Office Supplies,Fasteners,OIC Binder Clips,7.15999984741211
861,CA-2015-133851,2015-06-09,2015-06-16,Standard Class,CM-12445,Chuck Magee,Consumer,United States,San Francisco,California,94122,West,OFF-SU-10001225,Office Supplies,Supplies,Staple remover,7.3600001335144
862,CA-2015-133851,2015-06-09,2015-06-16,Standard Class,CM-12445,Chuck Magee,Consumer,United States,San Francisco,California,94122,West,OFF-AR-10003752,Office Supplies,Art,Deluxe Chalkboard Eraser Cleaner,23.1000003814697
863,CA-2017-134474,2017-01-05,2017-01-07,Second Class,AJ-10795,Anthony Johnson,Corporate,United States,Jacksonville,Florida,32216,South,TEC-AC-10001714,Technology,Accessories,Logitech MX Performance Wireless Mouse,191.47200012207
864,CA-2017-134474,2017-01-05,2017-01-07,Second Class,AJ-10795,Anthony Johnson,Corporate,United States,Jacksonville,Florida,32216,South,OFF-AR-10003958,Office Supplies,Art,Newell 337,5.2480001449585
865,CA-2017-134474,2017-01-05,2017-01-07,Second Class,AJ-10795,Anthony Johnson,Corporate,United States,Jacksonville,Florida,32216,South,TEC-PH-10002923,Technology,Phones,"Logitech B530 USB Headset - headset - Full size, Binaural",59.1839981079102
866,CA-2015-149020,2015-01-10,2015-01-15,Standard Class,AJ-10780,Anthony Jacobs,Corporate,United States,Springfield,Virginia,22153,South,OFF-LA-10004272,Office Supplies,Labels,Avery 482,2.89000010490417
867,CA-2015-149020,2015-01-10,2015-01-15,Standard Class,AJ-10780,Anthony Jacobs,Corporate,United States,Springfield,Virginia,22153,South,FUR-FU-10000965,Furniture,Furnishings,"Howard Miller 11-1/2"" Diameter Ridgewood Wall Clock",51.939998626709
868,CA-2017-134362,2017-09-29,2017-10-02,First Class,LS-16945,Linda Southworth,Corporate,United States,Philadelphia,Pennsylvania,19140,East,OFF-LA-10004853,Office Supplies,Labels,Avery 483,15.9359998703003
869,CA-2015-136742,2015-04-06,2015-04-10,Standard Class,GP-14740,Guy Phonely,Corporate,United States,Lancaster,Pennsylvania,17602,East,OFF-BI-10003719,Office Supplies,Binders,Large Capacity Hanging Post Binders,44.9099998474121
870,CA-2017-158099,2017-09-03,2017-09-05,First Class,PK-18910,Paul Knutson,Home Office,United States,Philadelphia,Pennsylvania,19143,East,OFF-BI-10000545,Office Supplies,Binders,GBC Ibimaster 500 Manual ProClick Binding System,1141.46997070313
871,CA-2017-158099,2017-09-03,2017-09-05,First Class,PK-18910,Paul Knutson,Home Office,United States,Philadelphia,Pennsylvania,19143,East,TEC-PH-10002496,Technology,Phones,Cisco SPA301,280.782012939453
872,CA-2016-131128,2016-10-19,2016-10-20,First Class,TB-21520,Tracy Blumstein,Consumer,United States,Concord,New Hampshire,3301,East,OFF-PA-10003591,Office Supplies,Paper,Southworth 100% Cotton The Best Paper,34.439998626709
873,CA-2015-148488,2015-12-10,2015-12-15,Standard Class,SM-20005,Sally Matthias,Consumer,United States,New York City,New York,10009,East,OFF-PA-10004470,Office Supplies,Paper,"Adams Write n' Stick Phone Message Book, 11"" X 5 1/4"", 200 Messages",11.3599996566772
874,CA-2015-148488,2015-12-10,2015-12-15,Standard Class,SM-20005,Sally Matthias,Consumer,United States,New York City,New York,10009,East,OFF-BI-10000315,Office Supplies,Binders,Poly Designer Cover & Back,106.34400177002
875,CA-2018-114636,2018-08-25,2018-08-29,Standard Class,GA-14725,Guy Armstrong,Consumer,United States,Charlotte,North Carolina,28205,South,OFF-PA-10001790,Office Supplies,Paper,Xerox 1910,192.160003662109
876,CA-2017-116736,2017-01-17,2017-01-21,Standard Class,CC-12430,Chuck Clark,Home Office,United States,Concord,New Hampshire,3301,East,FUR-FU-10004017,Furniture,Furnishings,"Tenex Contemporary Contur Chairmats for Low and Medium Pile Carpet, Computer, 39"" x 49""",322.589996337891
877,CA-2017-116736,2017-01-17,2017-01-21,Standard Class,CC-12430,Chuck Clark,Home Office,United States,Concord,New Hampshire,3301,East,TEC-AC-10003628,Technology,Accessories,Logitech 910-002974 M325 Wireless Mouse for Web Scrolling,29.9899997711182
878,CA-2017-116736,2017-01-17,2017-01-21,Standard Class,CC-12430,Chuck Clark,Home Office,United States,Concord,New Hampshire,3301,East,TEC-AC-10002049,Technology,Accessories,Logitech G19 Programmable Gaming Keyboard,371.970001220703
879,US-2015-158638,2015-09-17,2015-09-21,Standard Class,AG-10765,Anthony Garverick,Home Office,United States,Philadelphia,Pennsylvania,19120,East,OFF-BI-10003712,Office Supplies,Binders,"Acco Pressboard Covers with Storage Hooks, 14 7/8"" x 11"", Light Blue",5.89200019836426
880,CA-2018-111689,2018-11-30,2018-12-02,Second Class,HP-14815,Harold Pawlan,Home Office,United States,New York City,New York,10024,East,OFF-BI-10003984,Office Supplies,Binders,Lock-Up Easel 'Spel-Binder',68.4720001220703
881,CA-2018-111689,2018-11-30,2018-12-02,Second Class,HP-14815,Harold Pawlan,Home Office,United States,New York City,New York,10024,East,FUR-CH-10004287,Furniture,Chairs,SAFCO Arco Folding Chair,1242.90002441406
882,CA-2016-129098,2016-10-09,2016-10-13,Standard Class,DK-13090,Dave Kipp,Consumer,United States,Springfield,Virginia,22153,South,OFF-ST-10001321,Office Supplies,Storage,"Decoflex Hanging Personal Folder File, Blue",30.8400001525879
883,US-2018-123463,2018-12-23,2018-12-23,Same Day,GZ-14470,Gary Zandusky,Consumer,United States,San Francisco,California,94109,West,OFF-AR-10001118,Office Supplies,Art,"Binney & Smith Crayola Metallic Crayons, 16-Color Pack",13.4799995422363
884,CA-2017-165148,2017-10-22,2017-10-24,First Class,PM-19135,Peter McVee,Home Office,United States,Detroit,Michigan,48227,Central,FUR-FU-10000732,Furniture,Furnishings,Eldon 200 Class Desk Accessories,31.3999996185303
885,CA-2015-134061,2015-04-29,2015-05-04,Standard Class,LL-16840,Lauren Leatherbury,Consumer,United States,Rochester,New York,14609,East,FUR-FU-10001424,Furniture,Furnishings,Dax Clear Box Frame,17.4599990844727
886,CA-2016-143602,2016-04-25,2016-04-28,Second Class,JS-15595,Jill Stevenson,Corporate,United States,Los Angeles,California,90045,West,OFF-BI-10002071,Office Supplies,Binders,Fellowes Black Plastic Comb Bindings,13.9440002441406
887,CA-2018-115364,2018-06-26,2018-07-02,Standard Class,OT-18730,Olvera Toch,Consumer,United States,San Diego,California,92105,West,OFF-ST-10002486,Office Supplies,Storage,Eldon Shelf Savers Cubes and Bins,83.7600021362305
888,CA-2018-150707,2018-10-14,2018-10-19,Standard Class,EL-13735,Ed Ludwig,Home Office,United States,Columbia,Maryland,21044,East,OFF-BI-10001078,Office Supplies,Binders,"Acco PRESSTEX Data Binder with Storage Hooks, Dark Blue, 14 7/8"" X 11""",37.6599998474121
889,CA-2015-104976,2015-12-09,2015-12-16,Standard Class,CK-12760,Cyma Kinney,Corporate,United States,San Francisco,California,94122,West,OFF-PA-10003845,Office Supplies,Paper,Xerox 1987,34.6800003051758
890,CA-2018-132934,2018-06-20,2018-06-26,Standard Class,JE-15475,Jeremy Ellison,Consumer,United States,New Rochelle,New York,10801,East,TEC-AC-10000927,Technology,Accessories,Anker Ultrathin Bluetooth Wireless Keyboard Aluminum Cover with Stand,149.949996948242
891,CA-2018-132934,2018-06-20,2018-06-26,Standard Class,JE-15475,Jeremy Ellison,Consumer,United States,New Rochelle,New York,10801,East,OFF-BI-10001098,Office Supplies,Binders,Acco D-Ring Binder w/DublLock,51.3120002746582
913,CA-2016-133627,2016-05-31,2016-06-07,Standard Class,SC-20050,Sample Company A,Home Office,United States,Norwich,Connecticut,6360,East,FUR-FU-10001935,Furniture,Furnishings,3M Hangers With Command Adhesive,22.2000007629395
892,CA-2018-133256,2018-06-26,2018-06-27,First Class,TH-21550,Tracy Hopkins,Home Office,United States,Detroit,Michigan,48227,Central,OFF-PA-10001622,Office Supplies,Paper,"Ampad Poly Cover Wirebound Steno Book, 6"" x 9"" Assorted Colors, Gregg Ruled",4.53999996185303
893,CA-2018-133256,2018-06-26,2018-06-27,First Class,TH-21550,Tracy Hopkins,Home Office,United States,Detroit,Michigan,48227,Central,OFF-AR-10003158,Office Supplies,Art,Fluorescent Highlighters by Dixon,15.9200000762939
894,CA-2018-133256,2018-06-26,2018-06-27,First Class,TH-21550,Tracy Hopkins,Home Office,United States,Detroit,Michigan,48227,Central,TEC-PH-10002660,Technology,Phones,Nortel Networks T7316 E Nt8 B27,543.919982910156
895,CA-2017-105494,2017-11-10,2017-11-12,First Class,PC-18745,Pamela Coakley,Corporate,United States,San Francisco,California,94122,West,OFF-ST-10002205,Office Supplies,Storage,File Shuttle I and Handi-File,155.820007324219
896,CA-2017-105494,2017-11-10,2017-11-12,First Class,PC-18745,Pamela Coakley,Corporate,United States,San Francisco,California,94122,West,OFF-BI-10003364,Office Supplies,Binders,Binding Machine Supplies,70.0080032348633
897,CA-2017-140634,2017-10-03,2017-10-06,Second Class,HL-15040,Hunter Lopez,Consumer,United States,Houston,Texas,77095,Central,OFF-EN-10001099,Office Supplies,Envelopes,Staple envelope,15.6479997634888
898,CA-2015-144407,2015-09-09,2015-09-15,Standard Class,MS-17365,Maribeth Schnelling,Consumer,United States,Detroit,Michigan,48227,Central,OFF-LA-10003923,Office Supplies,Labels,Alphabetical Labels for Top Tab Filing,103.599998474121
899,CA-2018-160983,2018-10-29,2018-10-31,Second Class,GB-14530,George Bell,Corporate,United States,Auburn,New York,13021,East,OFF-PA-10002250,Office Supplies,Paper,Things To Do Today Pad,46.9599990844727
900,US-2017-114622,2017-04-10,2017-04-12,First Class,JR-16210,Justin Ritter,Corporate,United States,Springfield,Ohio,45503,East,OFF-BI-10004716,Office Supplies,Binders,Wilson Jones Hanging Recycled Pressboard Data Binders,8.9040002822876
901,CA-2018-150959,2018-11-11,2018-11-13,First Class,TD-20995,Tamara Dahlen,Consumer,United States,Garland,Texas,75043,Central,OFF-LA-10001045,Office Supplies,Labels,Permanent Self-Adhesive File Folder Labels for Typewriters by Universal,10.4399995803833
902,CA-2018-150959,2018-11-11,2018-11-13,First Class,TD-20995,Tamara Dahlen,Consumer,United States,Garland,Texas,75043,Central,OFF-BI-10001510,Office Supplies,Binders,Deluxe Heavy-Duty Vinyl Round Ring Binder,18.3360004425049
903,CA-2018-132353,2018-09-15,2018-09-17,First Class,DB-13060,Dave Brooks,Consumer,United States,Chicago,Illinois,60653,Central,TEC-PH-10004536,Technology,Phones,Avaya 5420 Digital phone,323.976013183594
904,CA-2017-130477,2017-04-08,2017-04-12,Standard Class,LC-17140,Logan Currie,Consumer,United States,Los Angeles,California,90032,West,OFF-PA-10002947,Office Supplies,Paper,Xerox 1923,20.0400009155273
905,CA-2017-130477,2017-04-08,2017-04-12,Standard Class,LC-17140,Logan Currie,Consumer,United States,Los Angeles,California,90032,West,OFF-ST-10002583,Office Supplies,Storage,Fellowes Neat Ideas Storage Cubes,64.9599990844727
906,CA-2017-130477,2017-04-08,2017-04-12,Standard Class,LC-17140,Logan Currie,Consumer,United States,Los Angeles,California,90032,West,OFF-PA-10000019,Office Supplies,Paper,Xerox 1931,12.960000038147
907,CA-2018-143259,2018-12-30,2019-01-03,Standard Class,PO-18865,Patrick O'Donnell,Consumer,United States,New York City,New York,10009,East,FUR-BO-10003441,Furniture,Bookcases,"Bush Westfield Collection Bookcases, Fully Assembled",323.135986328125
908,CA-2018-143259,2018-12-30,2019-01-03,Standard Class,PO-18865,Patrick O'Donnell,Consumer,United States,New York City,New York,10009,East,TEC-PH-10004774,Technology,Phones,Gear Head AU3700S Headset,90.9300003051758
909,CA-2018-143259,2018-12-30,2019-01-03,Standard Class,PO-18865,Patrick O'Donnell,Consumer,United States,New York City,New York,10009,East,OFF-BI-10003684,Office Supplies,Binders,Wilson Jones Legal Size Ring Binders,52.7760009765625
910,CA-2018-137596,2018-09-02,2018-09-07,Standard Class,BE-11335,Bill Eplett,Home Office,United States,Jackson,Michigan,49201,Central,TEC-PH-10001494,Technology,Phones,Polycom CX600 IP Phone VoIP phone,1199.80004882813
911,CA-2018-137596,2018-09-02,2018-09-07,Standard Class,BE-11335,Bill Eplett,Home Office,United States,Jackson,Michigan,49201,Central,TEC-AC-10004666,Technology,Accessories,Maxell iVDR EX 500GB Cartridge,1928.78002929688
912,CA-2018-137596,2018-09-02,2018-09-07,Standard Class,BE-11335,Bill Eplett,Home Office,United States,Jackson,Michigan,49201,Central,OFF-ST-10003816,Office Supplies,Storage,Fellowes High-Stak Drawer Files,352.380004882813
914,CA-2018-102519,2018-11-27,2018-11-29,First Class,BM-11650,Brian Moss,Corporate,United States,Milwaukee,Wisconsin,53209,Central,FUR-FU-10004091,Furniture,Furnishings,"Howard Miller 13"" Diameter Goldtone Round Wall Clock",46.939998626709
915,CA-2018-102519,2018-11-27,2018-11-29,First Class,BM-11650,Brian Moss,Corporate,United States,Milwaukee,Wisconsin,53209,Central,TEC-AC-10001772,Technology,Accessories,Memorex Mini Travel Drive 16 GB USB 2.0 Flash Drive,143.729995727539
916,US-2015-141215,2015-06-15,2015-06-21,Standard Class,KL-16555,Kelly Lampkin,Corporate,United States,San Antonio,Texas,78207,Central,FUR-TA-10001520,Furniture,Tables,"Lesro Sheffield Collection Coffee Table, End Table, Center Table, Corner Table",99.9179992675781
917,US-2015-141215,2015-06-15,2015-06-21,Standard Class,KL-16555,Kelly Lampkin,Corporate,United States,San Antonio,Texas,78207,Central,FUR-CH-10003379,Furniture,Chairs,Global Commerce Series High-Back Swivel/Tilt Chairs,797.943969726563
918,US-2015-141215,2015-06-15,2015-06-21,Standard Class,KL-16555,Kelly Lampkin,Corporate,United States,San Antonio,Texas,78207,Central,OFF-BI-10002706,Office Supplies,Binders,Avery Premier Heavy-Duty Binder with Round Locking Rings,8.56799983978271
919,CA-2017-165218,2017-03-05,2017-03-11,Standard Class,RW-19630,Rob Williams,Corporate,United States,Dallas,Texas,75220,Central,OFF-EN-10000056,Office Supplies,Envelopes,Cameo Buff Policy Envelopes,149.352005004883
920,CA-2017-165218,2017-03-05,2017-03-11,Standard Class,RW-19630,Rob Williams,Corporate,United States,Dallas,Texas,75220,Central,OFF-ST-10001558,Office Supplies,Storage,Acco Perma 4000 Stacking Storage Drawers,12.9919996261597
921,CA-2015-138296,2015-12-05,2015-12-12,Standard Class,RC-19825,Roy Collins,Consumer,United States,Alexandria,Virginia,22304,South,OFF-ST-10002444,Office Supplies,Storage,Recycled Eldon Regeneration Jumbo File,24.5599994659424
922,CA-2016-111164,2016-04-11,2016-04-15,Standard Class,SE-20110,Sanjit Engle,Consumer,United States,New York City,New York,10009,East,TEC-AC-10002473,Technology,Accessories,Maxell 4.7GB DVD-R,85.1399993896484
923,CA-2016-111164,2016-04-11,2016-04-15,Standard Class,SE-20110,Sanjit Engle,Consumer,United States,New York City,New York,10009,East,TEC-PH-10004531,Technology,Phones,OtterBox Commuter Series Case - iPhone 5 & 5s,21.9899997711182
924,CA-2016-111164,2016-04-11,2016-04-15,Standard Class,SE-20110,Sanjit Engle,Consumer,United States,New York City,New York,10009,East,OFF-AP-10004487,Office Supplies,Appliances,Kensington 4 Outlet MasterPiece Compact Power Control Center,406.600006103516
925,CA-2017-149797,2017-09-15,2017-09-20,Standard Class,AH-10075,Adam Hart,Corporate,United States,New York City,New York,10011,East,OFF-BI-10003650,Office Supplies,Binders,GBC DocuBind 300 Electric Binding Machine,841.567993164063
926,CA-2015-132962,2015-09-13,2015-09-16,First Class,JM-15535,Jessica Myrick,Consumer,United States,Philadelphia,Pennsylvania,19143,East,OFF-PA-10003543,Office Supplies,Paper,Xerox 1985,15.5520000457764
927,CA-2015-132962,2015-09-13,2015-09-16,First Class,JM-15535,Jessica Myrick,Consumer,United States,Philadelphia,Pennsylvania,19143,East,TEC-AC-10004353,Technology,Accessories,Hypercom P1300 Pinpad,252
928,CA-2016-115091,2016-10-05,2016-10-09,Standard Class,JJ-15760,Joel Jenkins,Home Office,United States,Springfield,Virginia,22153,South,OFF-AR-10000658,Office Supplies,Art,Newell 324,46.2000007629395
929,CA-2016-115091,2016-10-05,2016-10-09,Standard Class,JJ-15760,Joel Jenkins,Home Office,United States,Springfield,Virginia,22153,South,OFF-AP-10000696,Office Supplies,Appliances,Holmes Odor Grabber,28.8400001525879
930,CA-2018-144932,2018-04-14,2018-04-17,First Class,AB-10165,Alan Barnes,Consumer,United States,Toledo,Ohio,43615,East,OFF-AR-10003560,Office Supplies,Art,Zebra Zazzle Fluorescent Highlighters,14.5920000076294
931,CA-2018-144932,2018-04-14,2018-04-17,First Class,AB-10165,Alan Barnes,Consumer,United States,Toledo,Ohio,43615,East,OFF-AR-10001468,Office Supplies,Art,"Sanford Prismacolor Professional Thick Lead Art Pencils, 36-Color Set",89.8560028076172
932,CA-2018-144932,2018-04-14,2018-04-17,First Class,AB-10165,Alan Barnes,Consumer,United States,Toledo,Ohio,43615,East,OFF-PA-10004971,Office Supplies,Paper,Xerox 196,13.8719997406006
933,CA-2018-114216,2018-09-02,2018-09-06,Standard Class,RK-19300,Ralph Kennedy,Consumer,United States,Philadelphia,Pennsylvania,19140,East,OFF-PA-10002195,Office Supplies,Paper,"RSVP Cards & Envelopes, Blank White, 8-1/2"" X 11"", 24 Cards/25 Envelopes/Set",12.1920003890991
934,CA-2017-140081,2017-06-20,2017-06-24,Standard Class,CG-12040,Catherine Glotzbach,Home Office,United States,Philadelphia,Pennsylvania,19120,East,OFF-PA-10001745,Office Supplies,Paper,"Wirebound Message Books, 2 7/8"" x 5"", 3 Forms per Page",45.0559997558594
935,CA-2017-140081,2017-06-20,2017-06-24,Standard Class,CG-12040,Catherine Glotzbach,Home Office,United States,Philadelphia,Pennsylvania,19120,East,OFF-BI-10004826,Office Supplies,Binders,JM Magazine Binder,29.7180004119873
936,CA-2017-140081,2017-06-20,2017-06-24,Standard Class,CG-12040,Catherine Glotzbach,Home Office,United States,Philadelphia,Pennsylvania,19120,East,OFF-PA-10001870,Office Supplies,Paper,Xerox 202,15.5520000457764
937,CA-2017-140081,2017-06-20,2017-06-24,Standard Class,CG-12040,Catherine Glotzbach,Home Office,United States,Philadelphia,Pennsylvania,19120,East,OFF-AP-10001058,Office Supplies,Appliances,Sanyo 2.5 Cubic Foot Mid-Size Office Refrigerators,447.696014404297
938,US-2018-111745,2018-11-05,2018-11-06,First Class,RA-19885,Ruben Ausman,Corporate,United States,Farmington,New Mexico,87401,West,TEC-AC-10003911,Technology,Accessories,NETGEAR AC1750 Dual Band Gigabit Smart WiFi Router,159.990005493164
939,CA-2016-148250,2016-12-13,2016-12-17,Standard Class,RP-19270,Rachel Payne,Corporate,United States,Riverside,California,92503,West,OFF-PA-10000289,Office Supplies,Paper,Xerox 213,12.960000038147
940,CA-2016-148250,2016-12-13,2016-12-17,Standard Class,RP-19270,Rachel Payne,Corporate,United States,Riverside,California,92503,West,OFF-AP-10003040,Office Supplies,Appliances,Fellowes 8 Outlet Superior Workstation Surge Protector w/o Phone/Fax/Modem Protection,134.479995727539
941,CA-2017-105760,2017-06-19,2017-06-20,First Class,KC-16255,Karen Carlisle,Corporate,United States,San Francisco,California,94110,West,OFF-PA-10000350,Office Supplies,Paper,"Message Book, Standard Line ""While You Were Out"", 5 1/2"" X 4"", 200 Sets/Book",17.1200008392334
942,CA-2017-142958,2017-12-13,2017-12-20,Standard Class,RW-19630,Rob Williams,Corporate,United States,Torrance,California,90503,West,OFF-BI-10001759,Office Supplies,Binders,"Acco Pressboard Covers with Storage Hooks, 14 7/8"" x 11"", Dark Blue",6.09600019454956
943,CA-2017-142958,2017-12-13,2017-12-20,Standard Class,RW-19630,Rob Williams,Corporate,United States,Torrance,California,90503,West,FUR-TA-10000577,Furniture,Tables,Bretford CR4500 Series Slim Rectangular Table,1114.27197265625
944,CA-2016-120880,2016-05-29,2016-06-03,Standard Class,JL-15850,John Lucas,Consumer,United States,Seattle,Washington,98105,West,OFF-PA-10004101,Office Supplies,Paper,Xerox 1894,32.4000015258789
945,CA-2016-120880,2016-05-29,2016-06-03,Standard Class,JL-15850,John Lucas,Consumer,United States,Seattle,Washington,98105,West,OFF-ST-10001496,Office Supplies,Storage,Standard Rollaway File with Lock,540.570007324219
946,CA-2016-120880,2016-05-29,2016-06-03,Standard Class,JL-15850,John Lucas,Consumer,United States,Seattle,Washington,98105,West,OFF-BI-10002931,Office Supplies,Binders,"Avery Trapezoid Extra Heavy Duty 4"" Binders",167.759994506836
947,US-2016-140200,2016-07-26,2016-07-28,First Class,CA-12775,Cynthia Arntzen,Consumer,United States,Mesa,Arizona,85204,West,FUR-TA-10002356,Furniture,Tables,Bevis Boat-Shaped Conference Table,393.165008544922
948,US-2018-110576,2018-11-28,2018-12-02,Standard Class,RB-19795,Ross Baird,Home Office,United States,Philadelphia,Pennsylvania,19120,East,FUR-FU-10003601,Furniture,Furnishings,"Deflect-o RollaMat Studded, Beveled Mat for Medium Pile Carpeting",516.487976074219
949,US-2018-110576,2018-11-28,2018-12-02,Standard Class,RB-19795,Ross Baird,Home Office,United States,Philadelphia,Pennsylvania,19120,East,FUR-FU-10000576,Furniture,Furnishings,Luxo Professional Fluorescent Magnifier Lamp with Clamp-Mount Base,1007.23199462891
950,US-2018-110576,2018-11-28,2018-12-02,Standard Class,RB-19795,Ross Baird,Home Office,United States,Philadelphia,Pennsylvania,19120,East,FUR-TA-10004154,Furniture,Tables,"Riverside Furniture Oval Coffee Table, Oval End Table, End Table with Drawer",2065.32006835938
951,US-2018-110576,2018-11-28,2018-12-02,Standard Class,RB-19795,Ross Baird,Home Office,United States,Philadelphia,Pennsylvania,19120,East,OFF-PA-10000788,Office Supplies,Paper,Xerox 210,15.5520000457764
952,US-2018-110576,2018-11-28,2018-12-02,Standard Class,RB-19795,Ross Baird,Home Office,United States,Philadelphia,Pennsylvania,19120,East,OFF-PA-10002479,Office Supplies,Paper,Xerox 4200 Series MultiUse Premium Copy Paper (20Lb. and 84 Bright),25.3439998626709
953,CA-2018-131156,2018-04-03,2018-04-07,Standard Class,KH-16360,Katherine Hughes,Consumer,United States,Philadelphia,Pennsylvania,19143,East,FUR-FU-10001940,Furniture,Furnishings,Staple-based wall hangings,25.4720001220703
954,CA-2018-136539,2018-12-28,2019-01-01,Standard Class,GH-14665,Greg Hansen,Consumer,United States,Round Rock,Texas,78664,Central,OFF-AR-10001958,Office Supplies,Art,Stanley Bostitch Contemporary Electric Pencil Sharpeners,27.1679992675781
955,CA-2018-136539,2018-12-28,2019-01-01,Standard Class,GH-14665,Greg Hansen,Consumer,United States,Round Rock,Texas,78664,Central,FUR-BO-10004709,Furniture,Bookcases,"Bush Westfield Collection Bookcases, Medium Cherry Finish",78.8527984619141
956,CA-2018-119305,2018-11-30,2018-12-04,Standard Class,SW-20275,Scott Williamson,Consumer,United States,Jackson,Mississippi,39212,South,OFF-ST-10000604,Office Supplies,Storage,Home/Office Personal File Carts,173.800003051758
957,CA-2018-102414,2018-05-15,2018-05-18,Second Class,JA-15970,Joseph Airdo,Consumer,United States,Phoenix,Arizona,85023,West,TEC-PH-10002923,Technology,Phones,"Logitech B530 USB Headset - headset - Full size, Binaural",29.5919990539551
958,CA-2018-102414,2018-05-15,2018-05-18,Second Class,JA-15970,Joseph Airdo,Consumer,United States,Phoenix,Arizona,85023,West,OFF-BI-10004465,Office Supplies,Binders,Avery Durable Slant Ring Binders,4.7519998550415
959,CA-2018-102414,2018-05-15,2018-05-18,Second Class,JA-15970,Joseph Airdo,Consumer,United States,Phoenix,Arizona,85023,West,OFF-PA-10002333,Office Supplies,Paper,"Universal Ultra Bright White Copier/Laser Paper, 8 1/2"" x 11"", Ream",15.5520000457764
960,CA-2016-112571,2016-09-22,2016-09-22,Same Day,DL-12925,Daniel Lacy,Consumer,United States,Oceanside,California,92054,West,FUR-FU-10004188,Furniture,Furnishings,Luxo Professional Combination Clamp-On Lamps,204.600006103516
961,CA-2018-152142,2018-11-14,2018-11-19,Standard Class,LW-16990,Lindsay Williams,Corporate,United States,San Francisco,California,94110,West,FUR-CH-10002965,Furniture,Chairs,"Global Leather Highback Executive Chair with Pneumatic Height Adjustment, Black",321.567993164063
962,CA-2016-160059,2016-11-27,2016-12-01,Standard Class,TB-21190,Thomas Brumley,Home Office,United States,Fayetteville,Arkansas,72701,South,OFF-BI-10000145,Office Supplies,Binders,Zipper Ring Binder Pockets,6.23999977111816
963,CA-2017-120859,2017-09-01,2017-09-04,First Class,CV-12805,Cynthia Voltz,Corporate,United States,San Francisco,California,94110,West,OFF-EN-10001335,Office Supplies,Envelopes,"White Business Envelopes with Contemporary Seam, Recycled White Business Envelopes",21.8799991607666
964,CA-2015-127488,2015-09-22,2015-09-24,Second Class,MS-17365,Maribeth Schnelling,Consumer,United States,Boca Raton,Florida,33433,South,OFF-LA-10001613,Office Supplies,Labels,Avery File Folder Labels,4.60799980163574
965,CA-2018-135279,2018-04-09,2018-04-11,First Class,BS-11800,Bryan Spruell,Home Office,United States,New York City,New York,10011,East,OFF-LA-10004055,Office Supplies,Labels,Color-Coded Legal Exhibit Labels,9.81999969482422
966,CA-2018-135279,2018-04-09,2018-04-11,First Class,BS-11800,Bryan Spruell,Home Office,United States,New York City,New York,10011,East,OFF-AR-10004344,Office Supplies,Art,Bulldog Vacuum Base Pencil Sharpener,35.9700012207031
967,CA-2018-135279,2018-04-09,2018-04-11,First Class,BS-11800,Bryan Spruell,Home Office,United States,New York City,New York,10011,East,OFF-PA-10004621,Office Supplies,Paper,Xerox 212,12.960000038147
968,CA-2018-135279,2018-04-09,2018-04-11,First Class,BS-11800,Bryan Spruell,Home Office,United States,New York City,New York,10011,East,OFF-PA-10001281,Office Supplies,Paper,Computer Printout Paper with Letter-Trim Fine Perforations,191.600006103516
969,CA-2018-135279,2018-04-09,2018-04-11,First Class,BS-11800,Bryan Spruell,Home Office,United States,New York City,New York,10011,East,OFF-LA-10001613,Office Supplies,Labels,Avery File Folder Labels,8.64000034332275
970,CA-2018-135279,2018-04-09,2018-04-11,First Class,BS-11800,Bryan Spruell,Home Office,United States,New York City,New York,10011,East,OFF-ST-10001097,Office Supplies,Storage,Office Impressions Heavy Duty Welded Shelving & Multimedia Storage Drawers,501.809997558594
971,CA-2015-115791,2015-01-16,2015-01-18,Second Class,DL-13315,Delfina Latchford,Consumer,United States,Philadelphia,Pennsylvania,19134,East,FUR-FU-10001095,Furniture,Furnishings,DAX Black Cherry Wood-Tone Poster Frame,127.103996276855
972,CA-2015-115791,2015-01-16,2015-01-18,Second Class,DL-13315,Delfina Latchford,Consumer,United States,Philadelphia,Pennsylvania,19134,East,TEC-PH-10004614,Technology,Phones,AT&T 841000 Phone,124.199996948242
973,CA-2015-115791,2015-01-16,2015-01-18,Second Class,DL-13315,Delfina Latchford,Consumer,United States,Philadelphia,Pennsylvania,19134,East,OFF-BI-10001575,Office Supplies,Binders,GBC Linen Binding Covers,18.5879993438721
974,CA-2015-115791,2015-01-16,2015-01-18,Second Class,DL-13315,Delfina Latchford,Consumer,United States,Philadelphia,Pennsylvania,19134,East,OFF-LA-10001074,Office Supplies,Labels,Round Specialty Laser Printer Labels,30.07200050354
975,US-2018-103247,2018-10-05,2018-10-08,Second Class,PO-19195,Phillina Ober,Home Office,United States,New York City,New York,10011,East,TEC-PH-10003555,Technology,Phones,Motorola HK250 Universal Bluetooth Headset,160.929992675781
976,US-2018-103247,2018-10-05,2018-10-08,Second Class,PO-19195,Phillina Ober,Home Office,United States,New York City,New York,10011,East,OFF-BI-10004492,Office Supplies,Binders,Tuf-Vin Binders,75.7919998168945
977,US-2018-100209,2018-07-09,2018-07-15,Standard Class,TD-20995,Tamara Dahlen,Consumer,United States,Portland,Oregon,97206,West,OFF-BI-10002012,Office Supplies,Binders,Wilson Jones Easy Flow II Sheet Lifters,1.08000004291534
978,CA-2018-159366,2018-01-07,2018-01-10,First Class,BW-11110,Bart Watters,Corporate,United States,Detroit,Michigan,48205,Central,TEC-MA-10000822,Technology,Machines,Lexmark MX611dhe Monochrome Laser Printer,3059.98193359375
979,CA-2017-145499,2017-05-30,2017-05-31,First Class,RW-19690,Robert Waldorf,Consumer,United States,Wilmington,North Carolina,28403,South,OFF-BI-10000848,Office Supplies,Binders,Angle-D Ring Binders,3.28200006484985
980,CA-2016-157035,2016-12-09,2016-12-12,First Class,KB-16600,Ken Brennan,Corporate,United States,Columbus,Indiana,47201,Central,OFF-PA-10004156,Office Supplies,Paper,Xerox 188,34.0200004577637
981,CA-2017-144939,2017-10-03,2017-10-08,Standard Class,EB-13870,Emily Burns,Consumer,United States,New York City,New York,10035,East,FUR-CH-10003199,Furniture,Chairs,Office Star - Contemporary Task Swivel Chair,599.2919921875
982,CA-2015-163419,2015-11-11,2015-11-14,Second Class,TZ-21580,Tracy Zic,Consumer,United States,Louisville,Colorado,80027,West,OFF-AR-10000034,Office Supplies,Art,"BIC Brite Liner Grip Highlighters, Assorted, 5/Pack",3.39199995994568
983,CA-2015-163419,2015-11-11,2015-11-14,Second Class,TZ-21580,Tracy Zic,Consumer,United States,Louisville,Colorado,80027,West,TEC-PH-10000560,Technology,Phones,Samsung Galaxy S III - 16GB - pebble blue (T-Mobile),559.984008789063
984,CA-2015-163419,2015-11-11,2015-11-14,Second Class,TZ-21580,Tracy Zic,Consumer,United States,Louisville,Colorado,80027,West,FUR-CH-10000665,Furniture,Chairs,"Global Airflow Leather Mesh Back Chair, Black",603.919982910156
985,CA-2018-100314,2018-09-29,2018-10-05,Standard Class,AS-10630,Ann Steele,Home Office,United States,Pasadena,Texas,77506,Central,OFF-LA-10001569,Office Supplies,Labels,Avery 499,7.96799993515015
986,CA-2018-100314,2018-09-29,2018-10-05,Standard Class,AS-10630,Ann Steele,Home Office,United States,Pasadena,Texas,77506,Central,OFF-EN-10000461,Office Supplies,Envelopes,"#10- 4 1/8"" x 9 1/2"" Recycled Envelopes",27.9680004119873
987,CA-2018-100314,2018-09-29,2018-10-05,Standard Class,AS-10630,Ann Steele,Home Office,United States,Pasadena,Texas,77506,Central,TEC-MA-10003066,Technology,Machines,Wasp CCD Handheld Bar Code Reader,336.510009765625
988,CA-2016-146829,2016-03-10,2016-03-10,Same Day,TS-21340,Toby Swindell,Consumer,United States,Houston,Texas,77041,Central,OFF-BI-10004022,Office Supplies,Binders,Acco Suede Grain Vinyl Round Ring Binder,1.11199998855591
989,CA-2018-167899,2018-05-21,2018-05-26,Standard Class,JG-15805,John Grady,Corporate,United States,Auburn,New York,13021,East,FUR-FU-10004071,Furniture,Furnishings,Luxo Professional Magnifying Clamp-On Fluorescent Lamps,520.049987792969
990,CA-2018-167899,2018-05-21,2018-05-26,Standard Class,JG-15805,John Grady,Corporate,United States,Auburn,New York,13021,East,OFF-AR-10001988,Office Supplies,Art,Bulldog Table or Wall-Mount Pencil Sharpener,17.9699993133545
991,CA-2016-153549,2016-03-29,2016-03-31,Second Class,SL-20155,Sara Luxemburg,Home Office,United States,Jacksonville,Florida,32216,South,FUR-CH-10004086,Furniture,Chairs,Hon 4070 Series Pagoda Armless Upholstered Stacking Chairs,1166.92004394531
992,CA-2017-110023,2017-09-09,2017-09-11,First Class,TS-21610,Troy Staebel,Consumer,United States,New York City,New York,10024,East,OFF-BI-10001036,Office Supplies,Binders,Cardinal EasyOpen D-Ring Binders,14.6239995956421
993,CA-2017-105585,2017-08-26,2017-08-27,First Class,RF-19735,Roland Fjeld,Consumer,United States,San Jose,California,95123,West,OFF-FA-10002983,Office Supplies,Fasteners,Advantus SlideClip Paper Clips,10.2299995422363
994,CA-2017-105585,2017-08-26,2017-08-27,First Class,RF-19735,Roland Fjeld,Consumer,United States,San Jose,California,95123,West,OFF-PA-10003625,Office Supplies,Paper,Xerox 1979,154.899993896484
995,CA-2015-117639,2015-05-21,2015-05-25,Standard Class,MW-18235,Mitch Willingham,Corporate,United States,Virginia Beach,Virginia,23464,South,OFF-BI-10003925,Office Supplies,Binders,Fellowes PB300 Plastic Comb Binding Machine,2715.92993164063
996,CA-2015-117639,2015-05-21,2015-05-25,Standard Class,MW-18235,Mitch Willingham,Corporate,United States,Virginia Beach,Virginia,23464,South,TEC-PH-10001530,Technology,Phones,Plantronics Voyager Pro Legend,617.969970703125
997,CA-2016-162537,2016-10-28,2016-11-03,Standard Class,RD-19585,Rob Dowd,Consumer,United States,Henderson,Kentucky,42420,South,OFF-EN-10003862,Office Supplies,Envelopes,Laser & Ink Jet Business Envelopes,10.6700000762939
998,CA-2016-162537,2016-10-28,2016-11-03,Standard Class,RD-19585,Rob Dowd,Consumer,United States,Henderson,Kentucky,42420,South,OFF-ST-10004258,Office Supplies,Storage,Portable Personal File Box,36.6300010681152
999,CA-2016-162537,2016-10-28,2016-11-03,Standard Class,RD-19585,Rob Dowd,Consumer,United States,Henderson,Kentucky,42420,South,FUR-FU-10002885,Furniture,Furnishings,Magna Visual Magnetic Picture Hangers,24.1000003814697
1000,CA-2016-162537,2016-10-28,2016-11-03,Standard Class,RD-19585,Rob Dowd,Consumer,United States,Henderson,Kentucky,42420,South,FUR-FU-10001918,Furniture,Furnishings,C-Line Cubicle Keepers Polyproplyene Holder With Velcro Backings,33.1100006103516
